cont_comuna,prevision,2021-11-01,2021-11-02,2021-11-03,2021-11-04,2021-11-05,2021-11-06,2021-11-07,2021-11-08,2021-11-09,2021-11-10,2021-11-11,2021-11-12,2021-11-13,2021-11-14,2021-11-15,2021-11-16,2021-11-17,2021-11-18,2021-11-19,2021-11-20,2021-11-21,2021-11-22,2021-11-23,2021-11-24,2021-11-25,2021-11-26,2021-11-27,2021-11-28,2021-11-29,2021-11-30
Aisén,FONASA,,,1.0,,1.0,,1.0,,1.0,1.0,,,,,,,,,,,,,,,,,,1.0,,
Aisén,NINGUNA,,,,,,1.0,,1.0,,,,1.0,,,,,,,,,,,,,,,,,,
Algarrobo,FONASA,,,,,,,,,,,,,,,,,,,,,,1.0,,,,,,,,
Alhué,DESCONOCIDO,,,,,,,,,,,,,,,,,,,,1.0,,,,,,,,,,
Alhué,FONASA,3.0,2.0,2.0,3.0,7.0,1.0,5.0,3.0,3.0,7.0,6.0,3.0,2.0,1.0,4.0,,6.0,5.0,4.0,3.0,2.0,3.0,1.0,3.0,,1.0,1.0,2.0,,3.0
Alhué,ISAPRE,1.0,1.0,1.0,,1.0,,1.0,,,,3.0,1.0,,2.0,,,1.0,,1.0,1.0,1.0,,,2.0,1.0,,1.0,1.0,1.0,1.0
Alhué,NINGUNA,,,1.0,,,,,,,,,,,,,,,,,,,,,,,,,,,
Ancud,FONASA,1.0,,,1.0,1.0,,,1.0,,,1.0,,1.0,,,,,,,,,,,,,,,,,
Andacollo,DESCONOCIDO,,,,,,,,,,,,,,,,,,,,,,,,,,1.0,,,,
Andacollo,FONASA,1.0,,,,,,,,,,,,,,,,,,,,,,,,,,,,,
Angol,FONASA,1.0,,1.0,,1.0,,,,,,,,,,,,,,,,,,,,,,,,,
Antofagasta,DESCONOCIDO,1.0,,,,,,,,,,1.0,,1.0,,1.0,1.0,,,1.0,1.0,1.0,1.0,1.0,,,2.0,,,,
Antofagasta,FONASA,2.0,1.0,,3.0,1.0,2.0,2.0,2.0,1.0,1.0,1.0,5.0,2.0,1.0,2.0,5.0,1.0,1.0,2.0,5.0,1.0,1.0,4.0,1.0,1.0,2.0,3.0,,1.0,
Antofagasta,ISAPRE,3.0,,2.0,2.0,2.0,2.0,2.0,3.0,2.0,,1.0,4.0,1.0,1.0,,,3.0,2.0,2.0,,2.0,1.0,,,1.0,,1.0,,,
Antofagasta,NINGUNA,,,1.0,,,,,,,,,,,,,,,,,,,,,,,,,,,
Arauco,FONASA,,,,,,,,,,,,,,,,,,,,1.0,,2.0,,,,,1.0,,,
Arica,DESCONOCIDO,,,,,,,,,,,,,,,,,,,,,,,,,,1.0,,,1.0,
Arica,DIPRECA,,,,,,,,1.0,,1.0,1.0,,,1.0,,1.0,,1.0,,1.0,,,1.0,,,,,,,
Arica,FONASA,,,1.0,,,,,,,,,,,1.0,,,1.0,1.0,,,,1.0,,,,,1.0,,,1.0
Arica,ISAPRE,,1.0,,,1.0,,,,,,,,,,,,,,,,,,,,,,,,,
Arica,NINGUNA,,,,,,,,,,1.0,,,1.0,,,,1.0,,,,,,,,,,,,,
Buin,DESCONOCIDO,3.0,1.0,2.0,1.0,5.0,3.0,4.0,1.0,6.0,1.0,3.0,6.0,5.0,8.0,2.0,4.0,3.0,5.0,2.0,1.0,3.0,,2.0,2.0,7.0,4.0,3.0,3.0,1.0,3.0
Buin,DIPRECA,,,,1.0,,2.0,1.0,2.0,1.0,1.0,1.0,,,1.0,,,,,,,,,,,,,,,,
Buin,FONASA,44.0,41.0,33.0,38.0,23.0,33.0,21.0,32.0,19.0,22.0,21.0,42.0,34.0,36.0,28.0,24.0,33.0,36.0,26.0,26.0,18.0,16.0,21.0,15.0,21.0,21.0,16.0,18.0,26.0,10.0
Buin,ISAPRE,5.0,6.0,8.0,7.0,4.0,7.0,5.0,4.0,3.0,6.0,6.0,8.0,4.0,5.0,6.0,3.0,8.0,7.0,11.0,7.0,7.0,7.0,5.0,5.0,11.0,5.0,7.0,1.0,2.0,6.0
Buin,NINGUNA,,,,,,1.0,1.0,,,,,,,,1.0,,1.0,,,1.0,,,,,,,,,,
Bulnes,FONASA,,,,,,,,,,,,,,,,,,,,,,,,,,,2.0,,,1.0
Bulnes,ISAPRE,1.0,,,1.0,,,,,,,,,,,,,,,,,,,,,,,,,,
Calama,DESCONOCIDO,,,,,,,,,,,,,,,,,,,,,,,,,1.0,,,,,
Calama,FONASA,,2.0,1.0,1.0,1.0,,1.0,,,2.0,,1.0,2.0,2.0,,2.0,,,2.0,1.0,,2.0,2.0,,2.0,,1.0,1.0,,
Calama,ISAPRE,1.0,,,1.0,,,,,,,,,,,,,,,,,,,1.0,,1.0,,1.0,,,
Calbuco,DESCONOCIDO,,,,,,,,,,,,,,,,,,,,,,,,,,,,2.0,,1.0
Calbuco,FONASA,,,,,,,,,,1.0,,,2.0,1.0,,1.0,,,,,,,,,1.0,,1.0,,1.0,
Calbuco,ISAPRE,,,,,,,,,,,,,,,,,,,,,,,,,,,,,,1.0
Caldera,FONASA,,,1.0,,,,,,,,,,,,1.0,,,,1.0,1.0,,,1.0,1.0,,,,1.0,,
Calera de Tango,DESCONOCIDO,1.0,1.0,1.0,1.0,,2.0,,1.0,,1.0,2.0,1.0,1.0,1.0,,,2.0,2.0,2.0,2.0,2.0,,2.0,2.0,1.0,,2.0,,1.0,
Calera de Tango,FONASA,5.0,7.0,5.0,9.0,4.0,8.0,5.0,7.0,2.0,5.0,9.0,8.0,11.0,15.0,15.0,6.0,15.0,6.0,10.0,8.0,9.0,8.0,9.0,6.0,9.0,6.0,2.0,4.0,2.0,7.0
Calera de Tango,ISAPRE,3.0,2.0,1.0,1.0,2.0,1.0,2.0,,1.0,1.0,1.0,2.0,,2.0,2.0,,3.0,,4.0,2.0,1.0,3.0,2.0,1.0,5.0,4.0,3.0,3.0,1.0,2.0
Calle Larga,ISAPRE,,,,1.0,,,,,,,,,,,,,,,,,,,,,,,,,,
Cartagena,FONASA,,,1.0,1.0,1.0,,,1.0,,,1.0,,,1.0,,,,,1.0,,,,1.0,,,1.0,1.0,1.0,2.0,1.0
Castro,DESCONOCIDO,,,,,,,,,,1.0,,,,,,,,,,,,,,,,,,,,
Castro,FONASA,,,,,,,,,,,,,1.0,,,,2.0,,,,,,,,,,,,,
Castro,ISAPRE,,,,,,1.0,,1.0,,1.0,1.0,,,,1.0,,,,,,,,,,,,,,,
Cañete,FONASA,,,,,,,,,,,,,,,,,,1.0,1.0,1.0,1.0,1.0,1.0,1.0,1.0,,,,,
Cerrillos,CAPREDENA,,,,,,,,,,,,1.0,1.0,,2.0,1.0,,1.0,,,,,,,,,,,,
Cerrillos,DESCONOCIDO,1.0,2.0,1.0,2.0,1.0,1.0,1.0,1.0,1.0,3.0,8.0,6.0,8.0,3.0,3.0,1.0,1.0,2.0,2.0,2.0,1.0,,,2.0,,2.0,1.0,3.0,3.0,
Cerrillos,FONASA,19.0,21.0,18.0,20.0,18.0,17.0,18.0,14.0,16.0,20.0,26.0,25.0,22.0,25.0,14.0,14.0,15.0,20.0,18.0,12.0,12.0,20.0,11.0,19.0,19.0,13.0,20.0,14.0,24.0,12.0
Cerrillos,ISAPRE,2.0,4.0,4.0,3.0,5.0,4.0,5.0,5.0,6.0,4.0,3.0,8.0,4.0,10.0,6.0,5.0,8.0,6.0,6.0,4.0,4.0,4.0,4.0,6.0,5.0,3.0,3.0,5.0,,2.0
Cerrillos,NINGUNA,,,,,,,1.0,1.0,,1.0,1.0,,,1.0,,,,,,,,,,,,,1.0,,1.0,
Cerro Navia,CAPREDENA,,1.0,,1.0,,1.0,,,,,,,,,,,,,,,,,,,,,,,,
Cerro Navia,DESCONOCIDO,3.0,1.0,2.0,3.0,2.0,2.0,6.0,8.0,3.0,5.0,4.0,4.0,6.0,6.0,5.0,2.0,4.0,6.0,1.0,4.0,,2.0,3.0,,2.0,2.0,3.0,3.0,2.0,4.0
Cerro Navia,FONASA,45.0,47.0,58.0,58.0,61.0,49.0,53.0,54.0,43.0,49.0,48.0,58.0,54.0,50.0,49.0,46.0,51.0,55.0,47.0,64.0,48.0,47.0,33.0,40.0,38.0,32.0,44.0,40.0,33.0,35.0
Cerro Navia,ISAPRE,3.0,2.0,5.0,6.0,8.0,4.0,7.0,3.0,5.0,6.0,5.0,8.0,5.0,3.0,4.0,3.0,3.0,4.0,2.0,1.0,4.0,2.0,2.0,2.0,2.0,,2.0,,2.0,3.0
Cerro Navia,NINGUNA,1.0,1.0,1.0,2.0,,1.0,,,1.0,,,1.0,,1.0,1.0,1.0,1.0,1.0,,,,,,,,,,,,
Chaitén,FONASA,2.0,,1.0,,1.0,,,,,,,,,,,,,,,,,,,,,,,,,
Chañaral,FONASA,,,1.0,,,,,,,,4.0,,1.0,3.0,2.0,1.0,,4.0,,,,,,,,,,,,
Chiguayante,FONASA,,,,,,,,1.0,,,3.0,,1.0,1.0,4.0,2.0,4.0,1.0,1.0,2.0,3.0,,1.0,3.0,2.0,1.0,2.0,,1.0,
Chillán,DESCONOCIDO,,,1.0,,,,,,,,,,,,,,,,,,,,,,,,,,1.0,
Chillán,FONASA,1.0,,,2.0,1.0,1.0,1.0,2.0,,,1.0,3.0,1.0,1.0,3.0,2.0,1.0,1.0,4.0,1.0,,2.0,,1.0,2.0,2.0,,1.0,2.0,2.0
Chillán Viejo,FONASA,,,,,,,,,,,,,,1.0,,1.0,,,,,,,,,,,,1.0,,1.0
Chimbarongo,FONASA,,,,,,,,1.0,,,,,,,,,,,,,,,,,,1.0,,,1.0,
Chonchi,FONASA,,,,,,,,,,,,1.0,,,1.0,,,,,,,,,,,,,,,
Chonchi,ISAPRE,,,,,,,,,,,,,,,,,,,1.0,,1.0,,1.0,,,,,,,
Codegua,FONASA,,,,,,,,,,1.0,1.0,,,3.0,,3.0,,,3.0,,,,,,,,,,,
Codegua,ISAPRE,,,,,,,,,,,,,,,,,,,,,,,,,,1.0,1.0,,1.0,
Coihueco,FONASA,,,,,,,,,,,,,,,,,,,1.0,,,,1.0,1.0,,1.0,,,1.0,
Coinco,FONASA,,,,,,,,,,,,,,,,1.0,,,1.0,,,1.0,,,,,,,,
Colbún,FONASA,,,,,,,,,,,,,,1.0,,,,,,,,,,,,,,,,
Colina,CAPREDENA,,,1.0,,1.0,,1.0,,,,,,,,,,,,,1.0,,,,,,,,,,
Colina,DESCONOCIDO,5.0,1.0,5.0,3.0,4.0,4.0,6.0,5.0,5.0,5.0,3.0,8.0,4.0,8.0,3.0,5.0,2.0,2.0,4.0,2.0,2.0,1.0,1.0,,1.0,3.0,4.0,2.0,1.0,2.0
Colina,DIPRECA,,,,,,,,,1.0,1.0,,2.0,,1.0,1.0,,1.0,,,1.0,,,1.0,,,,,,,
Colina,FONASA,45.0,23.0,38.0,24.0,32.0,28.0,30.0,36.0,29.0,38.0,55.0,45.0,48.0,44.0,34.0,38.0,44.0,40.0,31.0,42.0,30.0,27.0,28.0,22.0,28.0,22.0,21.0,24.0,24.0,16.0
Colina,ISAPRE,26.0,20.0,15.0,19.0,12.0,9.0,10.0,14.0,10.0,18.0,16.0,21.0,14.0,19.0,15.0,7.0,14.0,10.0,11.0,13.0,6.0,8.0,9.0,5.0,3.0,6.0,6.0,5.0,5.0,4.0
Colina,NINGUNA,,1.0,,,,,,,,,,,1.0,,1.0,,,1.0,,,,,1.0,,1.0,,1.0,1.0,,1.0
Collipulli,FONASA,,,,,,,,,,,,,,,,,1.0,,,1.0,2.0,,,,1.0,,,,,
Coltauco,FONASA,,,,,,,,,,,,,,,,,,,,,,,,,,,1.0,1.0,,1.0
Coltauco,ISAPRE,,,,,,,,,,1.0,,1.0,,,1.0,,,,,,,,,,,,,,,
Con Con,DIPRECA,,,1.0,,,,,,,,,,,,,,,,,,,,,,,,,,,
Con Con,FONASA,,1.0,,1.0,1.0,2.0,,1.0,,1.0,,2.0,,1.0,,,,,,,,,,,1.0,,,,,
Concepción,CAPREDENA,,,,,,,,,,1.0,,1.0,,,1.0,,,,,,,,,,,,,,,
Concepción,FONASA,4.0,3.0,4.0,8.0,6.0,1.0,4.0,3.0,3.0,3.0,2.0,4.0,9.0,3.0,3.0,6.0,5.0,7.0,8.0,4.0,4.0,6.0,2.0,5.0,4.0,2.0,3.0,2.0,2.0,4.0
Concepción,ISAPRE,2.0,1.0,4.0,,1.0,1.0,1.0,1.0,1.0,4.0,1.0,3.0,2.0,,,3.0,,,1.0,,,1.0,,,,1.0,1.0,,2.0,
Conchalí,CAPREDENA,,,,,,,,1.0,,,,,,2.0,,1.0,2.0,2.0,1.0,2.0,1.0,,2.0,2.0,1.0,1.0,1.0,,1.0,1.0
Conchalí,DESCONOCIDO,3.0,3.0,1.0,3.0,2.0,1.0,3.0,3.0,3.0,4.0,5.0,6.0,8.0,6.0,4.0,3.0,4.0,5.0,4.0,4.0,3.0,3.0,3.0,3.0,1.0,1.0,1.0,,1.0,1.0
Conchalí,DIPRECA,,,,,,,,,,,,,,,1.0,,,1.0,,,2.0,,,1.0,,,1.0,,,
Conchalí,FONASA,35.0,36.0,47.0,33.0,44.0,48.0,48.0,37.0,36.0,50.0,48.0,48.0,53.0,46.0,58.0,41.0,52.0,45.0,42.0,43.0,35.0,33.0,34.0,17.0,34.0,21.0,21.0,26.0,25.0,23.0
Conchalí,ISAPRE,5.0,4.0,9.0,4.0,4.0,6.0,6.0,9.0,6.0,6.0,5.0,7.0,7.0,11.0,10.0,4.0,7.0,7.0,5.0,4.0,6.0,3.0,6.0,3.0,3.0,4.0,4.0,1.0,4.0,1.0
Conchalí,NINGUNA,,1.0,,,,1.0,,1.0,1.0,3.0,4.0,1.0,1.0,2.0,1.0,1.0,1.0,,1.0,1.0,1.0,1.0,1.0,1.0,,,,,,1.0
Copiapó,FONASA,,1.0,1.0,,1.0,,,2.0,1.0,,1.0,,1.0,,3.0,2.0,3.0,,3.0,1.0,,,1.0,1.0,,1.0,1.0,2.0,,
Copiapó,ISAPRE,,,,1.0,,,1.0,1.0,1.0,,,1.0,,,,,,,,1.0,1.0,,1.0,1.0,,,2.0,,,
Coquimbo,DESCONOCIDO,,,,,,,1.0,1.0,1.0,,,,,,,,,,,,,,,1.0,,,1.0,,,
Coquimbo,FONASA,1.0,,,1.0,,,1.0,2.0,,1.0,1.0,,1.0,1.0,,1.0,1.0,,1.0,1.0,,,,,,,,1.0,,
Coquimbo,ISAPRE,,1.0,2.0,,,,,,,,,,,,,,,,,,,,,,,,,,,
Coronel,FONASA,,1.0,,1.0,1.0,,,1.0,2.0,2.0,1.0,2.0,1.0,,,,,2.0,2.0,6.0,4.0,1.0,3.0,2.0,1.0,2.0,1.0,1.0,3.0,
Coronel,ISAPRE,,,,,,,,,,,,,,,,,,,,1.0,,1.0,,,,,,,,
Coyhaique,FONASA,,,,,,,,,,,,,,1.0,,1.0,,2.0,,1.0,,,,,,,,,,
Coyhaique,ISAPRE,1.0,,,1.0,,,,,,,,,,,,,,,,,,,,,,,,,,
Cunco,FONASA,,,,1.0,,1.0,,,1.0,,,,,,,,,,,,,,,,1.0,,1.0,,,2.0
Curacautín,FONASA,,,,,,,,1.0,,,,,,,,,,,,,,,,,,,,,,
Curacaví,DESCONOCIDO,1.0,2.0,1.0,2.0,1.0,3.0,2.0,2.0,2.0,,1.0,2.0,1.0,1.0,2.0,,2.0,,1.0,,1.0,,,,,,,1.0,,
Curacaví,FONASA,16.0,8.0,15.0,11.0,12.0,16.0,15.0,15.0,11.0,15.0,19.0,17.0,16.0,8.0,18.0,5.0,10.0,13.0,12.0,20.0,13.0,16.0,14.0,10.0,13.0,9.0,10.0,6.0,8.0,3.0
Curacaví,ISAPRE,,1.0,,1.0,1.0,2.0,1.0,1.0,2.0,1.0,1.0,4.0,2.0,3.0,4.0,4.0,3.0,6.0,5.0,2.0,1.0,2.0,1.0,2.0,3.0,2.0,1.0,1.0,,
Curaco de Vélez,FONASA,,,,,,,,,,,,,,,,,,,,1.0,,1.0,,,1.0,,,,,
Curicó,DESCONOCIDO,,,,,,,,,,,,,,,,,,,1.0,,1.0,,,1.0,,,,,,
Curicó,DIPRECA,,,,,,,,,,1.0,,1.0,,1.0,,,,,,,,,,,,,,,,
Curicó,FONASA,,1.0,,,,,,,,,,,,,,,,,2.0,,2.0,,,1.0,,,,,,
Dalcahue,FONASA,,,,,,,,,,,,,,,,,1.0,1.0,,2.0,,,2.0,,,,,,,
Desconocido,DESCONOCIDO,6.0,4.0,5.0,6.0,1.0,5.0,1.0,5.0,3.0,1.0,4.0,4.0,,4.0,,,1.0,,,1.0,,,,,,,,,,
Desconocido,FONASA,7.0,3.0,9.0,10.0,4.0,9.0,6.0,14.0,5.0,3.0,4.0,8.0,1.0,5.0,1.0,1.0,2.0,,3.0,2.0,,1.0,,,1.0,,,,,
Desconocido,ISAPRE,10.0,5.0,7.0,6.0,7.0,3.0,5.0,14.0,7.0,10.0,10.0,6.0,2.0,15.0,2.0,3.0,5.0,2.0,4.0,2.0,,,,,,,,,,
Desconocido,NINGUNA,1.0,,,,,,,,,,,,,,,,,,,,,,,,,,,,,
Diego de Almagro,FONASA,,1.0,,,,,1.0,,1.0,,,,1.0,,,,,,,,,,,,,,,,,
Diego de Almagro,ISAPRE,,1.0,,,,,,,,,,,,,,,,,,,,,,,,,,,,
El Bosque,CAPREDENA,1.0,,1.0,,,,,,,,,1.0,,1.0,1.0,,1.0,1.0,,,1.0,,,,,,1.0,1.0,,1.0
El Bosque,DESCONOCIDO,4.0,7.0,1.0,1.0,5.0,1.0,2.0,2.0,2.0,5.0,6.0,3.0,6.0,4.0,5.0,3.0,7.0,5.0,9.0,6.0,5.0,5.0,3.0,2.0,4.0,2.0,4.0,,6.0,2.0
El Bosque,DIPRECA,,,,,,,,,,,,,,,,,1.0,,,,,,,,1.0,1.0,,,,
El Bosque,FONASA,51.0,34.0,41.0,28.0,31.0,33.0,38.0,27.0,26.0,44.0,51.0,66.0,51.0,69.0,50.0,35.0,55.0,37.0,43.0,29.0,34.0,27.0,30.0,30.0,23.0,30.0,28.0,36.0,25.0,30.0
El Bosque,ISAPRE,4.0,1.0,4.0,,4.0,5.0,3.0,7.0,3.0,6.0,6.0,7.0,5.0,3.0,8.0,5.0,6.0,7.0,5.0,3.0,2.0,2.0,1.0,3.0,2.0,3.0,1.0,,5.0,1.0
El Bosque,NINGUNA,,,,,,1.0,1.0,,1.0,,,,,,,,,,,,,,,,,,,1.0,,1.0
El Carmen,FONASA,,,,,,,,,,,1.0,,,1.0,,,,1.0,,,,,,,,,,,,
El Monte,DESCONOCIDO,1.0,2.0,1.0,3.0,1.0,1.0,1.0,1.0,,2.0,2.0,1.0,3.0,,1.0,,1.0,4.0,1.0,3.0,2.0,3.0,2.0,1.0,1.0,1.0,,,1.0,
El Monte,DIPRECA,,,,,,,1.0,,1.0,,,,1.0,,,,,,,,,,,,,,,,,
El Monte,FONASA,10.0,8.0,6.0,9.0,9.0,8.0,6.0,5.0,,5.0,14.0,7.0,14.0,14.0,13.0,8.0,17.0,16.0,12.0,6.0,18.0,7.0,7.0,10.0,9.0,8.0,8.0,5.0,5.0,3.0
El Monte,ISAPRE,3.0,2.0,4.0,3.0,4.0,2.0,2.0,2.0,,3.0,2.0,,1.0,2.0,,1.0,1.0,1.0,1.0,2.0,,1.0,2.0,1.0,,,,2.0,2.0,2.0
El Quisco,FONASA,1.0,1.0,1.0,,,1.0,,,1.0,,,1.0,,1.0,,,1.0,,,,,,1.0,1.0,,,,,,
El Quisco,ISAPRE,,,,,,,,,,1.0,,1.0,,,1.0,,,,,,,,,,,,,,,
El Tabo,FONASA,,,,,,1.0,1.0,1.0,1.0,1.0,,,1.0,,,,,,1.0,,,,,,,,,,,
Estación Central,CAPREDENA,1.0,,,,,,1.0,1.0,,1.0,2.0,,,1.0,,,1.0,,,,,,,,,1.0,,1.0,,
Estación Central,DESCONOCIDO,6.0,16.0,8.0,13.0,16.0,10.0,11.0,14.0,11.0,11.0,9.0,15.0,5.0,10.0,5.0,3.0,6.0,7.0,6.0,12.0,12.0,9.0,8.0,10.0,9.0,11.0,8.0,20.0,19.0,18.0
Estación Central,DIPRECA,,1.0,,1.0,2.0,1.0,,,1.0,1.0,,2.0,,,1.0,,,1.0,,,,,1.0,,1.0,,,1.0,,
Estación Central,FONASA,31.0,36.0,32.0,48.0,38.0,34.0,35.0,41.0,30.0,44.0,40.0,45.0,42.0,46.0,36.0,40.0,39.0,48.0,44.0,36.0,46.0,34.0,29.0,23.0,29.0,37.0,35.0,26.0,27.0,34.0
Estación Central,ISAPRE,19.0,21.0,17.0,15.0,9.0,7.0,10.0,12.0,9.0,3.0,7.0,8.0,9.0,8.0,9.0,8.0,8.0,12.0,20.0,10.0,10.0,6.0,9.0,5.0,7.0,11.0,9.0,7.0,9.0,6.0
Estación Central,NINGUNA,3.0,,2.0,,,1.0,1.0,3.0,4.0,4.0,2.0,4.0,4.0,3.0,3.0,,2.0,1.0,3.0,3.0,1.0,2.0,1.0,1.0,2.0,,1.0,1.0,1.0,1.0
Freire,FONASA,,,,,,,,,,,,,,,,2.0,2.0,,,,,,,,,,,,,
Freirina,FONASA,,,,,,,,,,,,,,,,,,,,,,,1.0,1.0,1.0,,,,,
Fresia,DESCONOCIDO,,,,,,,,,,,,,,,,,,,,,1.0,,,,,,,,,
Fresia,FONASA,,,,,,,,,,,,,,,,,,,,,,,,,,,,,1.0,
Futaleufú,FONASA,1.0,1.0,,,1.0,,,,,,,,,,,,,,,,,,,,,,,,,
Futrono,DESCONOCIDO,2.0,1.0,,1.0,,,,,,,,,,,,,,,,,,,,,,,,,,
Futrono,FONASA,2.0,,1.0,,1.0,,,,,,,,,,,,,,,,,,,,,,,,,
Graneros,FONASA,1.0,,2.0,1.0,,1.0,,,,,,,,1.0,,,1.0,,,1.0,,,,,,,,,,
Hijuelas,FONASA,,,,1.0,,,,,,,,1.0,,,,,,,,,,,,,,,,,,
Hualaihué,FONASA,,,,,,,,,,,,,,,,,,,,,,,,,,1.0,,,,
Hualpén,DESCONOCIDO,,,,,,,,,,,,,,,,,,1.0,,,,,1.0,,,,,,,
Hualpén,FONASA,,,2.0,,2.0,,1.0,,1.0,2.0,1.0,,,1.0,,1.0,1.0,3.0,,1.0,2.0,,1.0,2.0,1.0,,1.0,1.0,1.0,1.0
Hualpén,ISAPRE,,,,,,,,1.0,,,,,,,,,,,,,,,,,,,,,,
Hualqui,FONASA,,,,,,,,,,,,,,,1.0,,,,1.0,,,1.0,,,1.0,,,1.0,,
Hualqui,ISAPRE,,,,,,,,,1.0,,,,,,,,,,,,,,,,1.0,,,1.0,,
Huasco,FONASA,,,,,,,,,,,,,,,,,,,,,1.0,,,1.0,,,1.0,,,
Huechuraba,DESCONOCIDO,2.0,2.0,2.0,2.0,,1.0,4.0,4.0,2.0,4.0,6.0,2.0,1.0,2.0,1.0,2.0,4.0,4.0,1.0,2.0,1.0,3.0,,,3.0,2.0,3.0,3.0,2.0,
Huechuraba,DIPRECA,,,,,,,,,,,1.0,,1.0,,,1.0,,,,,,,,,1.0,,,1.0,1.0,
Huechuraba,FONASA,32.0,27.0,30.0,28.0,24.0,25.0,35.0,41.0,28.0,31.0,38.0,34.0,44.0,37.0,35.0,19.0,28.0,22.0,16.0,21.0,16.0,17.0,15.0,14.0,21.0,15.0,17.0,27.0,14.0,17.0
Huechuraba,ISAPRE,9.0,7.0,9.0,7.0,9.0,8.0,5.0,8.0,6.0,12.0,16.0,10.0,12.0,10.0,11.0,7.0,11.0,6.0,10.0,13.0,6.0,5.0,9.0,6.0,8.0,5.0,9.0,6.0,7.0,4.0
Huechuraba,NINGUNA,1.0,1.0,1.0,,,1.0,1.0,,2.0,1.0,1.0,,1.0,1.0,,1.0,,1.0,,,,,,,,,,,,
Independencia,DESCONOCIDO,5.0,5.0,5.0,1.0,5.0,4.0,7.0,1.0,1.0,5.0,5.0,2.0,2.0,5.0,7.0,3.0,7.0,4.0,10.0,5.0,6.0,4.0,4.0,3.0,2.0,3.0,1.0,6.0,3.0,3.0
Independencia,DIPRECA,,,,,,,,,,,,,,,,,,1.0,,,1.0,,,1.0,,,,,,
Independencia,FONASA,31.0,29.0,19.0,26.0,19.0,22.0,26.0,24.0,26.0,29.0,39.0,37.0,42.0,28.0,29.0,21.0,26.0,20.0,27.0,34.0,16.0,31.0,22.0,15.0,22.0,21.0,18.0,21.0,16.0,15.0
Independencia,ISAPRE,6.0,2.0,5.0,5.0,4.0,2.0,2.0,8.0,6.0,8.0,12.0,16.0,12.0,8.0,6.0,6.0,4.0,7.0,11.0,12.0,4.0,7.0,1.0,2.0,2.0,3.0,3.0,3.0,2.0,3.0
Independencia,NINGUNA,1.0,,1.0,,,1.0,2.0,2.0,2.0,,,,,,,,1.0,2.0,2.0,2.0,,2.0,1.0,,2.0,,,,,2.0
Iquique,DESCONOCIDO,,,,,,,,,,1.0,,1.0,,1.0,,,,,,,,,,,,,,,,
Iquique,FONASA,,,,,,,1.0,,1.0,,,1.0,,,1.0,,,,,,1.0,,,,,1.0,,,1.0,
Iquique,NINGUNA,,,,,,,1.0,,1.0,,,,1.0,,,,,,,,,,,,,,,,,
Isla de Maipo,DESCONOCIDO,1.0,2.0,1.0,,,1.0,,,,,,,1.0,,1.0,,1.0,,,,,,,1.0,,,1.0,,,1.0
Isla de Maipo,FONASA,14.0,6.0,7.0,1.0,5.0,8.0,8.0,10.0,7.0,18.0,16.0,18.0,15.0,14.0,7.0,9.0,9.0,11.0,8.0,13.0,7.0,14.0,7.0,9.0,13.0,6.0,10.0,9.0,8.0,7.0
Isla de Maipo,ISAPRE,4.0,2.0,3.0,2.0,,1.0,3.0,3.0,3.0,1.0,1.0,1.0,2.0,2.0,1.0,,1.0,,,1.0,1.0,,2.0,1.0,4.0,3.0,4.0,,4.0,
Isla de Maipo,NINGUNA,,,1.0,,,1.0,,,1.0,,1.0,,1.0,,,1.0,,,,,,,,,,,,,,
La Cisterna,CAPREDENA,,,,,,,1.0,1.0,,1.0,,,1.0,,,,,,,,,,,,,,,,,
La Cisterna,DESCONOCIDO,4.0,6.0,7.0,2.0,3.0,3.0,5.0,4.0,1.0,5.0,6.0,6.0,6.0,7.0,5.0,7.0,3.0,7.0,6.0,4.0,8.0,4.0,6.0,2.0,1.0,2.0,1.0,1.0,1.0,2.0
La Cisterna,FONASA,23.0,21.0,23.0,12.0,14.0,23.0,24.0,11.0,18.0,20.0,21.0,23.0,37.0,28.0,23.0,18.0,22.0,22.0,19.0,19.0,14.0,13.0,15.0,10.0,12.0,16.0,9.0,10.0,15.0,19.0
La Cisterna,ISAPRE,11.0,8.0,3.0,7.0,5.0,5.0,4.0,5.0,4.0,3.0,3.0,8.0,6.0,4.0,5.0,2.0,4.0,7.0,5.0,6.0,6.0,6.0,6.0,4.0,6.0,6.0,4.0,4.0,2.0,2.0
La Cisterna,NINGUNA,,,,,,,,,,,,,,1.0,,,,1.0,,1.0,,,1.0,,,,1.0,1.0,1.0,1.0
La Florida,CAPREDENA,,1.0,,,,,,,,,,,,,,,,1.0,,1.0,1.0,1.0,1.0,,1.0,,,,,
La Florida,DESCONOCIDO,12.0,13.0,10.0,8.0,8.0,15.0,14.0,15.0,11.0,11.0,16.0,21.0,10.0,12.0,6.0,9.0,7.0,6.0,9.0,12.0,16.0,17.0,7.0,11.0,9.0,11.0,10.0,8.0,11.0,9.0
La Florida,DIPRECA,,,,,1.0,,,,,,,,,,,,,,,,,,,,,,,,,
La Florida,FONASA,63.0,47.0,48.0,49.0,46.0,44.0,40.0,64.0,38.0,70.0,79.0,93.0,66.0,72.0,77.0,55.0,71.0,75.0,67.0,69.0,62.0,50.0,54.0,58.0,45.0,53.0,45.0,36.0,32.0,31.0
La Florida,ISAPRE,26.0,23.0,32.0,31.0,20.0,29.0,19.0,23.0,16.0,11.0,18.0,22.0,29.0,20.0,26.0,10.0,22.0,17.0,12.0,14.0,13.0,12.0,10.0,13.0,11.0,12.0,17.0,18.0,9.0,9.0
La Florida,NINGUNA,1.0,1.0,1.0,,,,,,,1.0,,,,,,1.0,1.0,,1.0,,,,,,,1.0,1.0,3.0,2.0,
La Granja,DESCONOCIDO,2.0,4.0,1.0,1.0,1.0,,1.0,3.0,4.0,3.0,3.0,6.0,4.0,3.0,3.0,1.0,,1.0,2.0,2.0,,2.0,2.0,3.0,3.0,1.0,3.0,5.0,3.0,3.0
La Granja,FONASA,41.0,36.0,18.0,25.0,33.0,29.0,30.0,32.0,20.0,36.0,26.0,37.0,38.0,39.0,40.0,32.0,29.0,39.0,32.0,34.0,32.0,29.0,26.0,24.0,22.0,18.0,22.0,17.0,18.0,14.0
La Granja,ISAPRE,3.0,2.0,4.0,2.0,4.0,1.0,2.0,4.0,5.0,1.0,6.0,5.0,4.0,3.0,4.0,3.0,1.0,4.0,3.0,4.0,3.0,1.0,2.0,,1.0,1.0,1.0,4.0,2.0,3.0
La Granja,NINGUNA,,,,2.0,2.0,,3.0,2.0,2.0,1.0,1.0,2.0,,1.0,1.0,1.0,1.0,3.0,3.0,1.0,3.0,3.0,1.0,,1.0,,1.0,,1.0,
La Ligua,FONASA,1.0,,1.0,,1.0,,,,,,,,,1.0,,,,,,1.0,,1.0,,,,,,,,
La Pintana,CAPREDENA,,,,,,1.0,,1.0,,,,1.0,,,,,,,,,,,,,,,,,,
La Pintana,DESCONOCIDO,1.0,2.0,2.0,1.0,1.0,2.0,5.0,3.0,1.0,2.0,3.0,2.0,1.0,1.0,1.0,1.0,,2.0,1.0,5.0,,4.0,2.0,2.0,3.0,5.0,3.0,1.0,2.0,
La Pintana,DIPRECA,1.0,1.0,,2.0,,1.0,3.0,1.0,,,,,,,,,,,,,,,,,,,,,,
La Pintana,FONASA,36.0,31.0,32.0,44.0,37.0,45.0,45.0,52.0,40.0,51.0,69.0,61.0,66.0,56.0,46.0,38.0,64.0,61.0,55.0,55.0,42.0,50.0,33.0,46.0,39.0,52.0,28.0,33.0,30.0,24.0
La Pintana,ISAPRE,7.0,3.0,3.0,2.0,2.0,1.0,2.0,2.0,3.0,2.0,3.0,2.0,3.0,3.0,2.0,2.0,1.0,,,1.0,1.0,1.0,,5.0,3.0,4.0,6.0,2.0,5.0,1.0
La Pintana,NINGUNA,,,,,,,,1.0,1.0,2.0,1.0,1.0,1.0,1.0,,2.0,,,,,,,,,,,,,,
La Reina,CAPREDENA,4.0,1.0,2.0,,1.0,,2.0,2.0,2.0,1.0,1.0,1.0,,,,,,,,,,,,,,,,,,
La Reina,DESCONOCIDO,3.0,7.0,,6.0,3.0,3.0,4.0,5.0,1.0,3.0,3.0,2.0,3.0,4.0,2.0,4.0,1.0,3.0,2.0,2.0,1.0,1.0,,1.0,,,3.0,1.0,1.0,1.0
La Reina,DIPRECA,1.0,,1.0,,,1.0,,,,,,,,,,,,,,,,,,,,,,,,
La Reina,FONASA,11.0,12.0,12.0,9.0,12.0,14.0,10.0,13.0,8.0,14.0,20.0,16.0,16.0,13.0,12.0,16.0,7.0,13.0,7.0,8.0,4.0,6.0,4.0,3.0,7.0,5.0,5.0,8.0,2.0,8.0
La Reina,ISAPRE,10.0,7.0,12.0,9.0,8.0,7.0,10.0,14.0,12.0,22.0,17.0,13.0,14.0,14.0,9.0,5.0,6.0,4.0,6.0,12.0,9.0,11.0,8.0,5.0,5.0,8.0,4.0,2.0,3.0,
La Reina,NINGUNA,,,1.0,1.0,2.0,,1.0,1.0,,,,,,,,,,,,,,,,,,,,,,
La Serena,DESCONOCIDO,,,,,,,,,,,,,,,,,,,,,,,1.0,,,,,,,
La Serena,FONASA,1.0,,,,,,,1.0,,,,,,,,,,,,1.0,,,1.0,,,2.0,,,,
La Serena,ISAPRE,,,,,,,,,,,,,,,,,,,,,,,1.0,1.0,,1.0,,,1.0,
Lago Ranco,FONASA,1.0,,,,1.0,,,,,,,,,,,,,,,,,,,,,,,,,
Lampa,DESCONOCIDO,3.0,1.0,2.0,2.0,1.0,,4.0,2.0,,2.0,2.0,3.0,3.0,5.0,4.0,3.0,2.0,5.0,3.0,6.0,9.0,4.0,2.0,3.0,7.0,6.0,6.0,3.0,4.0,
Lampa,DIPRECA,1.0,,1.0,,,,,,,,,,,,,,,,,,,,,,,,,,,
Lampa,FONASA,28.0,23.0,16.0,14.0,9.0,12.0,22.0,17.0,14.0,27.0,23.0,43.0,36.0,42.0,37.0,24.0,40.0,34.0,32.0,27.0,22.0,30.0,23.0,16.0,20.0,19.0,20.0,19.0,15.0,14.0
Lampa,ISAPRE,22.0,7.0,13.0,10.0,12.0,14.0,20.0,14.0,13.0,12.0,9.0,16.0,14.0,10.0,5.0,5.0,6.0,4.0,4.0,4.0,3.0,3.0,4.0,2.0,3.0,6.0,3.0,4.0,2.0,4.0
Lampa,NINGUNA,,,,1.0,1.0,1.0,,,,1.0,1.0,4.0,4.0,1.0,2.0,1.0,,,,,,1.0,,,1.0,,,1.0,,
Las Cabras,DESCONOCIDO,,,,,,,,,,,,,,,,,,1.0,,1.0,,,1.0,,,,,,,
Las Cabras,FONASA,,,,,,,,,,,,,,1.0,,1.0,,1.0,,,,1.0,,,,1.0,,,1.0,1.0
Las Condes,CAPREDENA,,,,1.0,,,,1.0,,1.0,,,1.0,1.0,,1.0,,,2.0,,1.0,,1.0,,,,,,,
Las Condes,DESCONOCIDO,15.0,9.0,13.0,8.0,8.0,5.0,7.0,14.0,8.0,17.0,14.0,7.0,13.0,14.0,13.0,8.0,6.0,13.0,9.0,10.0,13.0,10.0,7.0,3.0,6.0,6.0,4.0,9.0,4.0,4.0
Las Condes,FONASA,26.0,29.0,21.0,23.0,23.0,17.0,29.0,38.0,21.0,38.0,34.0,25.0,26.0,20.0,23.0,12.0,8.0,20.0,10.0,14.0,14.0,16.0,14.0,17.0,8.0,14.0,9.0,13.0,11.0,12.0
Las Condes,ISAPRE,66.0,59.0,54.0,41.0,45.0,60.0,56.0,69.0,55.0,62.0,72.0,81.0,55.0,65.0,62.0,42.0,47.0,45.0,51.0,40.0,30.0,46.0,24.0,30.0,32.0,25.0,20.0,23.0,13.0,14.0
Las Condes,NINGUNA,,,,,,1.0,2.0,1.0,3.0,1.0,1.0,2.0,1.0,,2.0,,1.0,,,1.0,1.0,1.0,,2.0,1.0,1.0,1.0,2.0,,
Las Condes,SISA,,1.0,,,,,,,,,,,,,,,,,,,,,,,,,,,,
Lebu,FONASA,,,,,,,,,,,1.0,,,1.0,,,,1.0,,1.0,,1.0,,,,,,,,
Limache,FONASA,,,,,,,,,,,,,,,,,2.0,,2.0,,1.0,1.0,,,,,,,,
Linares,FONASA,1.0,,,,,,,,,,,,,,,,,,,,,,,,,,,,,
Litueche,FONASA,,,,,,,,,,1.0,,1.0,,1.0,1.0,,1.0,,,1.0,,,,,,,,,,
Llaillay,FONASA,,,,,1.0,1.0,1.0,1.0,,1.0,,1.0,1.0,,,,,,,,,,,,,,,,,
Llanquihue,DIPRECA,,,,,,,,,,,1.0,,,1.0,,,,1.0,,,,,,,,,,,,
Llanquihue,FONASA,,,,,,,,,,,,,,,,,,,,,,,,,,,,1.0,,1.0
Lo Barnechea,DESCONOCIDO,5.0,1.0,5.0,2.0,3.0,5.0,5.0,4.0,7.0,10.0,7.0,6.0,8.0,4.0,3.0,2.0,3.0,4.0,5.0,2.0,1.0,7.0,1.0,3.0,2.0,4.0,1.0,3.0,1.0,1.0
Lo Barnechea,FONASA,13.0,14.0,15.0,10.0,11.0,6.0,8.0,11.0,8.0,10.0,13.0,9.0,13.0,6.0,6.0,3.0,8.0,5.0,10.0,7.0,8.0,5.0,9.0,3.0,4.0,5.0,8.0,6.0,4.0,7.0
Lo Barnechea,ISAPRE,22.0,18.0,14.0,20.0,8.0,7.0,15.0,14.0,18.0,22.0,29.0,28.0,23.0,20.0,27.0,11.0,14.0,19.0,16.0,12.0,15.0,15.0,13.0,16.0,13.0,19.0,15.0,10.0,12.0,7.0
Lo Barnechea,NINGUNA,,,,,,,,,,,,,,,,,,,,,,1.0,,1.0,,1.0,,,,
Lo Espejo,DESCONOCIDO,,2.0,2.0,3.0,3.0,1.0,3.0,4.0,4.0,5.0,7.0,4.0,3.0,6.0,2.0,3.0,1.0,1.0,3.0,2.0,2.0,6.0,5.0,2.0,5.0,3.0,2.0,2.0,,1.0
Lo Espejo,FONASA,20.0,20.0,15.0,23.0,19.0,28.0,28.0,24.0,19.0,31.0,25.0,24.0,15.0,14.0,16.0,10.0,20.0,25.0,21.0,21.0,18.0,19.0,12.0,14.0,15.0,16.0,11.0,11.0,7.0,10.0
Lo Espejo,ISAPRE,2.0,3.0,2.0,4.0,2.0,2.0,2.0,2.0,2.0,3.0,3.0,,3.0,1.0,1.0,1.0,1.0,1.0,2.0,1.0,1.0,1.0,2.0,,1.0,,1.0,,,
Lo Espejo,NINGUNA,,,,,,,,,,,1.0,1.0,,1.0,,,,,,,,,,,,,,,,
Lo Prado,DESCONOCIDO,7.0,2.0,4.0,5.0,4.0,9.0,2.0,11.0,5.0,11.0,3.0,6.0,11.0,5.0,9.0,7.0,10.0,10.0,3.0,6.0,6.0,7.0,5.0,1.0,8.0,3.0,5.0,4.0,7.0,3.0
Lo Prado,DIPRECA,,,1.0,,,1.0,1.0,,,,,,,,,,,,,,,,,,,,,,,
Lo Prado,FONASA,41.0,42.0,35.0,50.0,47.0,59.0,45.0,49.0,37.0,45.0,42.0,45.0,54.0,39.0,48.0,33.0,40.0,41.0,32.0,48.0,37.0,31.0,42.0,30.0,28.0,27.0,38.0,29.0,28.0,24.0
Lo Prado,ISAPRE,10.0,4.0,9.0,5.0,9.0,7.0,4.0,7.0,5.0,4.0,5.0,4.0,6.0,8.0,6.0,10.0,8.0,5.0,7.0,7.0,6.0,6.0,2.0,4.0,2.0,3.0,4.0,6.0,2.0,6.0
Lo Prado,NINGUNA,1.0,1.0,1.0,2.0,3.0,2.0,2.0,,,1.0,,,1.0,,1.0,1.0,1.0,1.0,1.0,1.0,2.0,,1.0,1.0,1.0,,,1.0,,1.0
Lolol,FONASA,,1.0,,,1.0,,,,,,,,,,,,,,,,,,,,,,,,,
Los Andes,FONASA,,1.0,,,,1.0,,,,,,1.0,,1.0,,1.0,,,,1.0,,,1.0,,,1.0,,1.0,,
Los Andes,ISAPRE,1.0,,,,,,1.0,,1.0,,,,2.0,1.0,,,,,,,,,,,,,,,,
Los Muermos,FONASA,,,,1.0,,,,,,,,,,,,,,,,,,,,,,,,,,
Los Vilos,FONASA,1.0,3.0,1.0,,,,,,,,,2.0,1.0,1.0,1.0,1.0,1.0,1.0,,,1.0,,,,1.0,,,,,
Los Álamos,FONASA,,,,,,,,,,,,,,,1.0,,,1.0,,,1.0,,,1.0,1.0,,,1.0,1.0,
Los Ángeles,DESCONOCIDO,,,,,1.0,,,1.0,,,,1.0,1.0,,1.0,,,,,,1.0,,,,,2.0,1.0,,2.0,
Los Ángeles,FONASA,1.0,,3.0,1.0,,1.0,3.0,1.0,2.0,1.0,1.0,2.0,1.0,,1.0,1.0,1.0,3.0,,3.0,2.0,1.0,1.0,1.0,5.0,2.0,3.0,2.0,3.0,2.0
Los Ángeles,ISAPRE,,,,,,,,,,,,,,,,,,1.0,,,1.0,,,,,,,,,
Lota,FONASA,,,,,,,,,,,,,,,,,,1.0,1.0,1.0,1.0,1.0,,2.0,,1.0,1.0,2.0,2.0,1.0
Machalí,FONASA,,,1.0,1.0,,1.0,,,,,,,,,,,,,,,,,,,1.0,,,,,
Machalí,ISAPRE,,,,,1.0,1.0,,,,,,,,,,,,,,,,,,,,,,,,
Macul,CAPREDENA,,,,,,,,,,,,,,,,,1.0,,1.0,,,1.0,,,,,,,,
Macul,DESCONOCIDO,3.0,4.0,3.0,2.0,2.0,3.0,5.0,11.0,6.0,5.0,5.0,11.0,7.0,5.0,7.0,5.0,1.0,10.0,4.0,8.0,7.0,3.0,3.0,4.0,2.0,2.0,4.0,5.0,,3.0
Macul,FONASA,37.0,29.0,32.0,36.0,35.0,35.0,37.0,37.0,18.0,27.0,30.0,34.0,28.0,29.0,30.0,12.0,30.0,18.0,17.0,19.0,18.0,22.0,18.0,11.0,20.0,11.0,20.0,12.0,10.0,14.0
Macul,ISAPRE,8.0,13.0,5.0,13.0,13.0,8.0,7.0,15.0,8.0,7.0,7.0,14.0,12.0,6.0,5.0,6.0,5.0,5.0,4.0,7.0,3.0,6.0,5.0,2.0,9.0,4.0,4.0,5.0,3.0,2.0
Macul,NINGUNA,1.0,1.0,1.0,2.0,,1.0,,,,,,,,2.0,1.0,1.0,1.0,,,,2.0,,1.0,,,1.0,,,,
Maipú,CAPREDENA,1.0,2.0,2.0,1.0,1.0,2.0,3.0,2.0,1.0,2.0,2.0,,1.0,,,1.0,2.0,2.0,1.0,,1.0,,,,1.0,,,,,
Maipú,DESCONOCIDO,14.0,15.0,16.0,8.0,14.0,18.0,22.0,17.0,15.0,16.0,22.0,14.0,15.0,19.0,13.0,13.0,16.0,19.0,12.0,18.0,21.0,7.0,13.0,5.0,15.0,10.0,13.0,14.0,7.0,11.0
Maipú,DIPRECA,,,1.0,1.0,,1.0,,,,1.0,,1.0,,,1.0,,,,,1.0,,,,,,,1.0,1.0,1.0,1.0
Maipú,FONASA,151.0,126.0,159.0,146.0,130.0,151.0,128.0,142.0,113.0,149.0,171.0,171.0,156.0,168.0,130.0,116.0,130.0,136.0,129.0,119.0,101.0,102.0,85.0,89.0,81.0,80.0,96.0,98.0,81.0,69.0
Maipú,ISAPRE,55.0,45.0,42.0,24.0,29.0,27.0,35.0,35.0,35.0,43.0,50.0,65.0,47.0,52.0,44.0,32.0,33.0,41.0,40.0,42.0,26.0,41.0,31.0,21.0,38.0,16.0,22.0,19.0,14.0,9.0
Maipú,NINGUNA,1.0,,,2.0,1.0,2.0,1.0,1.0,,,2.0,1.0,1.0,2.0,1.0,1.0,6.0,3.0,2.0,4.0,1.0,3.0,1.0,4.0,3.0,1.0,5.0,4.0,2.0,3.0
Maipú,SISA,,,,,,,,,,,1.0,1.0,,1.0,,,,,,,,,,,,,,,,
Marchihue,FONASA,,,,,,,,,,,,,,,,,,,1.0,,1.0,,1.0,,,,,,,
Maria Elena,FONASA,,,,,,,,,,,,,,,,,2.0,,,1.0,1.0,,,1.0,1.0,,,1.0,,
Maria Pinto,DESCONOCIDO,2.0,,5.0,,3.0,1.0,3.0,1.0,3.0,5.0,4.0,4.0,6.0,3.0,4.0,2.0,,1.0,1.0,1.0,,1.0,,,,,1.0,1.0,2.0,1.0
Maria Pinto,DIPRECA,,,,,,,,,,,,,,,,,,,,,,,1.0,,,1.0,,,,
Maria Pinto,FONASA,2.0,5.0,4.0,11.0,12.0,8.0,11.0,9.0,12.0,17.0,19.0,24.0,25.0,15.0,18.0,13.0,4.0,8.0,7.0,4.0,3.0,6.0,9.0,3.0,6.0,5.0,3.0,9.0,7.0,8.0
Maria Pinto,ISAPRE,1.0,,1.0,1.0,2.0,1.0,2.0,3.0,,2.0,2.0,,,,,,,1.0,,,1.0,,1.0,1.0,1.0,,,2.0,1.0,1.0
Maria Pinto,NINGUNA,,,,,,,,,,,,,,,,,,,1.0,,,1.0,,,1.0,,,,,
Maule,ISAPRE,,,,,,,1.0,,,1.0,1.0,,,,,,,,,,,,,,,,,,,
Mejillones,FONASA,,,,,,,,,1.0,1.0,,,3.0,,,,3.0,,1.0,,1.0,1.0,,2.0,1.0,,1.0,,,
Melipeuco,FONASA,,,,,,,,,,,,,,,,,,,,,,,,,,1.0,,,1.0,
Melipilla,CAPREDENA,,,,,,,,1.0,,1.0,,,1.0,,,,,,,,,,,,,,,,,
Melipilla,DESCONOCIDO,2.0,1.0,1.0,4.0,1.0,3.0,2.0,4.0,3.0,4.0,2.0,4.0,3.0,3.0,1.0,1.0,4.0,3.0,2.0,4.0,3.0,,2.0,1.0,,1.0,1.0,1.0,1.0,5.0
Melipilla,DIPRECA,,,,,,,,,,,,,,,,,,,,,1.0,,1.0,,1.0,,,,,
Melipilla,FONASA,21.0,17.0,28.0,32.0,33.0,31.0,29.0,24.0,19.0,31.0,24.0,29.0,26.0,39.0,21.0,26.0,20.0,22.0,29.0,32.0,24.0,23.0,27.0,20.0,23.0,20.0,25.0,20.0,26.0,18.0
Melipilla,ISAPRE,,3.0,3.0,2.0,1.0,2.0,,2.0,1.0,4.0,3.0,4.0,2.0,3.0,2.0,1.0,,4.0,3.0,,3.0,2.0,,3.0,4.0,2.0,1.0,1.0,3.0,
Melipilla,NINGUNA,,,1.0,1.0,,,,,,,1.0,,1.0,,,1.0,,,,,,,,,1.0,,,1.0,1.0,
Molina,DESCONOCIDO,,,,,,,,,,,,,1.0,,,1.0,,,,,,1.0,,,,,,,,
Mostazal,DESCONOCIDO,,,,,,,,,,,,,,,,,,1.0,,,1.0,,,,1.0,,,,,
Mostazal,FONASA,1.0,,1.0,,,1.0,,,,1.0,,,,1.0,,,,3.0,,,1.0,1.0,,,1.0,1.0,,,,
Mostazal,ISAPRE,,,,,,,,,,,,,,,,,,1.0,,,1.0,,,,1.0,,,,,
Mulchén,DESCONOCIDO,,,,,,,,,,,,,,,,,,,,,1.0,,,1.0,,,1.0,,,1.0
Mulchén,FONASA,,,,,,1.0,1.0,,1.0,,,,,,,,,1.0,,,2.0,1.0,,,1.0,,,,,
Nacimiento,FONASA,1.0,,,1.0,,,4.0,,4.0,,2.0,1.0,3.0,,1.0,1.0,,,,,,,,,,,,2.0,,1.0
Nancagua,FONASA,1.0,,,,,,,,,,,,,,,,,,,,,,,1.0,,1.0,,1.0,,
Nancagua,ISAPRE,,,,,,,,,,,,,,,,,,,,,,,,,,,,1.0,,1.0
Natales,FONASA,,,2.0,,,,,,,,,,,,,,,,,,1.0,1.0,1.0,,,,,,,
Navidad,FONASA,,,,,,,,,,,,,1.0,,1.0,,1.0,,,,,,,,,,,,,
Navidad,ISAPRE,,,,,,,,,,,,,,,,,1.0,,,1.0,,,1.0,,,,,,,
Negrete,FONASA,,,,,,,,,,,,,,,,,1.0,,1.0,,,1.0,,,,,,,,
Nueva Imperial,FONASA,,,,,,,,,,,,,,,,,,,1.0,,1.0,,,1.0,,,,,,
Olivar,FONASA,,,,,,,1.0,,,,,,,,1.0,,1.0,,1.0,,,,,,,,,,,
Osorno,DESCONOCIDO,,,,,,,,,,1.0,1.0,,1.0,,,,,,,,,,,,,,,,,
Osorno,FONASA,1.0,,1.0,,,,,,,,,3.0,1.0,1.0,2.0,,3.0,1.0,,4.0,6.0,3.0,3.0,4.0,2.0,4.0,6.0,4.0,3.0,2.0
Osorno,ISAPRE,,,,,,,,,,3.0,2.0,2.0,1.0,1.0,1.0,,,,,,,,,,1.0,1.0,1.0,2.0,,3.0
Padre Hurtado,CAPREDENA,,,,,,,,,,1.0,,1.0,,1.0,,,,,,,,,,,,,,,,
Padre Hurtado,DESCONOCIDO,1.0,,,1.0,2.0,2.0,1.0,,1.0,1.0,2.0,,3.0,2.0,3.0,2.0,1.0,1.0,,2.0,2.0,2.0,,2.0,3.0,2.0,,3.0,2.0,2.0
Padre Hurtado,DIPRECA,,,,,,,,,,,,,,,,,,,,,,1.0,,,1.0,,,1.0,,
Padre Hurtado,FONASA,55.0,46.0,49.0,49.0,27.0,35.0,16.0,27.0,24.0,15.0,17.0,37.0,29.0,37.0,23.0,29.0,32.0,33.0,29.0,38.0,25.0,21.0,25.0,24.0,13.0,28.0,12.0,16.0,16.0,9.0
Padre Hurtado,ISAPRE,6.0,6.0,5.0,7.0,7.0,5.0,4.0,2.0,1.0,5.0,1.0,6.0,8.0,8.0,6.0,8.0,8.0,8.0,6.0,9.0,5.0,6.0,5.0,2.0,7.0,6.0,6.0,10.0,3.0,7.0
Padre Hurtado,NINGUNA,1.0,,,,,,,,,,,1.0,2.0,2.0,,,,,2.0,3.0,1.0,,,,,,,,1.0,
Padre Las Casas,FONASA,,,,,,,1.0,,1.0,,1.0,,1.0,1.0,,,,,1.0,,,2.0,,1.0,1.0,,1.0,,,
Paiguano,FONASA,,,,,,,,,,,,,1.0,,,1.0,,1.0,,,,1.0,,,,,,,,
Paine,CAPREDENA,1.0,,,,,1.0,,1.0,,1.0,1.0,,,,,,,,,,,,,,,,,,,
Paine,DESCONOCIDO,,3.0,1.0,,2.0,2.0,2.0,,1.0,,,1.0,,1.0,1.0,1.0,,1.0,1.0,,1.0,,1.0,1.0,2.0,,2.0,1.0,1.0,1.0
Paine,FONASA,34.0,22.0,28.0,21.0,21.0,19.0,18.0,30.0,21.0,26.0,16.0,33.0,16.0,23.0,12.0,15.0,19.0,14.0,12.0,18.0,18.0,16.0,10.0,11.0,17.0,17.0,19.0,12.0,14.0,20.0
Paine,ISAPRE,1.0,2.0,1.0,3.0,3.0,5.0,2.0,2.0,2.0,2.0,2.0,2.0,3.0,1.0,2.0,1.0,1.0,2.0,2.0,,2.0,,2.0,,3.0,3.0,1.0,3.0,,3.0
Paine,NINGUNA,,,,,,1.0,1.0,1.0,1.0,,1.0,2.0,2.0,1.0,,1.0,1.0,,,,,,,,,,,,,
Palmilla,FONASA,,,,,,,,,,1.0,,1.0,,,1.0,,,,,,,,,,,,,,,
Paredones,FONASA,,,1.0,1.0,,1.0,,,,,,,1.0,,1.0,,,1.0,,,,,,,,,,,,
Parral,FONASA,,,,,,,,,,,,,,,1.0,,1.0,,,,,,,,,,,,,
Pedro Aguirre Cerda,DESCONOCIDO,,2.0,1.0,3.0,2.0,,5.0,2.0,3.0,5.0,6.0,5.0,1.0,5.0,3.0,2.0,3.0,4.0,2.0,4.0,3.0,4.0,2.0,3.0,1.0,3.0,4.0,4.0,2.0,7.0
Pedro Aguirre Cerda,DIPRECA,,,,,,,,1.0,,,1.0,,,,1.0,,,,,,,,,,,,,,,
Pedro Aguirre Cerda,FONASA,39.0,29.0,34.0,23.0,28.0,34.0,28.0,33.0,18.0,25.0,24.0,33.0,36.0,40.0,38.0,33.0,32.0,40.0,29.0,27.0,28.0,32.0,20.0,23.0,22.0,28.0,18.0,14.0,21.0,14.0
Pedro Aguirre Cerda,ISAPRE,1.0,2.0,,1.0,1.0,1.0,4.0,5.0,2.0,3.0,3.0,5.0,7.0,3.0,6.0,3.0,4.0,7.0,7.0,6.0,7.0,7.0,3.0,4.0,,4.0,1.0,2.0,1.0,2.0
Penco,FONASA,,,,,,,,,,,,,,,,,,,,,,,,,,1.0,,,1.0,
Penco,ISAPRE,,,1.0,,,,,,,,,,,,,,,,,,,,1.0,,2.0,,1.0,,1.0,
Peralillo,FONASA,,,,,,,,,,,,,,,,,,,,,,,,,,,,,1.0,
Petorca,FONASA,,,,,,,,,,,,,,,,,,,,,,,,,,,1.0,,,
Peñaflor,DESCONOCIDO,1.0,,2.0,,1.0,1.0,1.0,2.0,2.0,2.0,2.0,6.0,5.0,3.0,2.0,5.0,,2.0,2.0,2.0,4.0,2.0,2.0,4.0,4.0,3.0,1.0,1.0,3.0,
Peñaflor,DIPRECA,1.0,,,,,,,,,,,,,,,,,,,,,,,,,,,,,
Peñaflor,FONASA,37.0,39.0,27.0,39.0,33.0,38.0,35.0,30.0,30.0,36.0,34.0,42.0,44.0,42.0,33.0,32.0,32.0,26.0,37.0,25.0,18.0,28.0,15.0,17.0,21.0,16.0,19.0,17.0,17.0,17.0
Peñaflor,ISAPRE,4.0,7.0,6.0,4.0,5.0,4.0,6.0,3.0,5.0,8.0,8.0,7.0,2.0,4.0,5.0,3.0,1.0,6.0,4.0,3.0,1.0,5.0,4.0,1.0,7.0,4.0,1.0,1.0,5.0,
Peñaflor,NINGUNA,,,1.0,,,1.0,1.0,,1.0,,,1.0,,,1.0,,1.0,,1.0,,1.0,1.0,,,,1.0,,,,
Peñaflor,SISA,,,,,,,,,,1.0,,,1.0,,,1.0,,,,,,,,,,,,,,
Peñalolén,CAPREDENA,,,,,,,,,,,,1.0,,1.0,,1.0,1.0,,1.0,,,1.0,,,1.0,,,,,
Peñalolén,DESCONOCIDO,3.0,1.0,1.0,,2.0,6.0,8.0,8.0,10.0,10.0,15.0,8.0,10.0,6.0,8.0,5.0,2.0,7.0,5.0,6.0,5.0,7.0,7.0,2.0,7.0,6.0,4.0,6.0,4.0,3.0
Peñalolén,FONASA,62.0,49.0,60.0,62.0,54.0,50.0,39.0,45.0,26.0,47.0,52.0,67.0,57.0,74.0,51.0,25.0,54.0,45.0,49.0,46.0,46.0,51.0,34.0,37.0,44.0,35.0,35.0,33.0,36.0,36.0
Peñalolén,ISAPRE,17.0,13.0,13.0,11.0,9.0,8.0,12.0,14.0,9.0,10.0,11.0,23.0,18.0,10.0,20.0,10.0,5.0,13.0,13.0,8.0,6.0,7.0,6.0,4.0,7.0,6.0,4.0,4.0,8.0,6.0
Peñalolén,NINGUNA,,,,,,,1.0,1.0,1.0,1.0,,1.0,,1.0,,,,,,1.0,2.0,1.0,1.0,1.0,,1.0,,,1.0,
Peñalolén,SISA,,,,,,,,,,,,,,,,,,,,,1.0,,,1.0,,,1.0,,,
Pichidegua,CAPREDENA,,,,,,,,,,,,,,,,,,1.0,,,,,,,,,,,,
Pichidegua,FONASA,1.0,,2.0,1.0,,,,1.0,1.0,1.0,1.0,,,1.0,1.0,1.0,1.0,,,,,,,,,,,,,
Pichilemu,DESCONOCIDO,,,,,1.0,,,,,,,,,,,,,,,,,,,,,,,,,
Pichilemu,FONASA,,2.0,1.0,2.0,2.0,1.0,,2.0,1.0,2.0,1.0,2.0,2.0,,2.0,2.0,2.0,3.0,2.0,1.0,2.0,3.0,,,1.0,1.0,,,1.0,1.0
Pinto,FONASA,,,,,,,,,,,,,,,,,,,,,,,1.0,,,1.0,,,1.0,
Pirque,DESCONOCIDO,1.0,2.0,1.0,1.0,,,,,,1.0,2.0,1.0,,2.0,,1.0,2.0,2.0,1.0,2.0,,2.0,,3.0,3.0,1.0,2.0,4.0,4.0,3.0
Pirque,FONASA,5.0,3.0,4.0,7.0,3.0,9.0,9.0,4.0,6.0,7.0,4.0,7.0,6.0,10.0,11.0,12.0,12.0,9.0,8.0,14.0,11.0,8.0,8.0,5.0,7.0,10.0,10.0,7.0,10.0,8.0
Pirque,ISAPRE,1.0,2.0,1.0,2.0,1.0,1.0,,,,,,,,1.0,,,1.0,1.0,1.0,1.0,1.0,1.0,,1.0,,2.0,1.0,,1.0,
Pirque,NINGUNA,,,,,,1.0,,,,,,,,,,,,,,,,,,,,,,,,
Placilla,FONASA,,,1.0,,,,,,,,,,,,,,,,,,,,,,,,,,,
Providencia,CAPREDENA,1.0,,,1.0,,,1.0,,,,,,,,,,,,,,,,,,,,,,,
Providencia,DESCONOCIDO,6.0,6.0,2.0,7.0,3.0,7.0,7.0,11.0,7.0,6.0,6.0,4.0,2.0,3.0,5.0,6.0,3.0,7.0,4.0,2.0,6.0,5.0,4.0,4.0,3.0,,1.0,2.0,1.0,2.0
Providencia,DIPRECA,2.0,,1.0,,,,,,,,,,,,,,,,,,,,,,,,,,,
Providencia,FONASA,15.0,15.0,15.0,16.0,17.0,19.0,19.0,16.0,21.0,19.0,21.0,20.0,18.0,20.0,15.0,15.0,13.0,23.0,24.0,16.0,15.0,20.0,5.0,9.0,14.0,4.0,5.0,11.0,10.0,7.0
Providencia,ISAPRE,31.0,28.0,26.0,30.0,27.0,21.0,35.0,32.0,20.0,28.0,33.0,30.0,27.0,35.0,29.0,24.0,34.0,25.0,24.0,21.0,11.0,19.0,10.0,12.0,21.0,19.0,16.0,12.0,20.0,7.0
Providencia,NINGUNA,,,1.0,1.0,1.0,,2.0,3.0,3.0,1.0,1.0,1.0,,,,,,,,,,,,,,,,,,
Puchuncaví,FONASA,,,,,,1.0,,1.0,,,,1.0,,,,,,,,,,,,,,,,,,
Pucón,FONASA,,,,,,,1.0,,2.0,1.0,,1.0,1.0,1.0,,1.0,2.0,,2.0,,,,,,,,,1.0,1.0,
Pudahuel,CAPREDENA,,,,,,,,,,1.0,,1.0,1.0,,2.0,,2.0,1.0,,2.0,,,1.0,,,1.0,,,,
Pudahuel,DESCONOCIDO,2.0,8.0,9.0,10.0,8.0,7.0,7.0,10.0,7.0,5.0,6.0,4.0,12.0,10.0,9.0,8.0,10.0,24.0,12.0,7.0,10.0,9.0,2.0,4.0,5.0,5.0,8.0,8.0,8.0,5.0
Pudahuel,DIPRECA,,,,,1.0,,,1.0,,,,,1.0,,,,,,,1.0,1.0,,1.0,,,,,,,
Pudahuel,FONASA,89.0,95.0,85.0,83.0,98.0,89.0,99.0,91.0,80.0,108.0,99.0,110.0,116.0,77.0,102.0,91.0,90.0,102.0,78.0,102.0,76.0,76.0,65.0,58.0,70.0,55.0,47.0,42.0,50.0,38.0
Pudahuel,ISAPRE,21.0,20.0,19.0,20.0,21.0,19.0,21.0,15.0,13.0,14.0,16.0,20.0,11.0,17.0,14.0,9.0,14.0,18.0,9.0,15.0,12.0,7.0,14.0,9.0,10.0,7.0,12.0,9.0,10.0,9.0
Pudahuel,NINGUNA,3.0,4.0,3.0,1.0,3.0,2.0,1.0,,,,2.0,1.0,2.0,1.0,3.0,3.0,3.0,1.0,,,,1.0,,1.0,1.0,2.0,,3.0,2.0,2.0
Puente Alto,CAPREDENA,,,,,,,,,,,1.0,1.0,1.0,,,1.0,,,,1.0,,,,,,,,,,
Puente Alto,DESCONOCIDO,21.0,15.0,10.0,11.0,9.0,13.0,21.0,30.0,22.0,26.0,29.0,26.0,19.0,25.0,13.0,13.0,21.0,26.0,24.0,28.0,28.0,14.0,21.0,12.0,20.0,18.0,19.0,15.0,21.0,12.0
Puente Alto,DIPRECA,,,,,,1.0,1.0,1.0,,,,,,1.0,,1.0,2.0,2.0,1.0,1.0,1.0,2.0,,,,,1.0,,,
Puente Alto,FONASA,152.0,120.0,127.0,141.0,161.0,179.0,162.0,184.0,144.0,208.0,189.0,181.0,193.0,147.0,139.0,114.0,156.0,144.0,125.0,96.0,117.0,114.0,91.0,105.0,118.0,99.0,93.0,101.0,79.0,71.0
Puente Alto,ISAPRE,20.0,18.0,23.0,24.0,27.0,18.0,27.0,19.0,13.0,29.0,35.0,26.0,30.0,23.0,25.0,25.0,21.0,17.0,25.0,18.0,15.0,20.0,16.0,10.0,21.0,10.0,14.0,20.0,13.0,16.0
Puente Alto,NINGUNA,1.0,1.0,,1.0,,,,,,,,1.0,,1.0,1.0,1.0,2.0,2.0,1.0,2.0,2.0,,,4.0,2.0,1.0,4.0,2.0,,2.0
Puerto Montt,DESCONOCIDO,,,,,,,,,,,,,1.0,,,,,,,,,,,,,,,,,
Puerto Montt,FONASA,,,,,,1.0,1.0,1.0,,1.0,,3.0,,3.0,1.0,1.0,,2.0,4.0,1.0,2.0,,1.0,6.0,1.0,6.0,2.0,3.0,4.0,2.0
Puerto Montt,ISAPRE,1.0,,1.0,,,,1.0,,,,,1.0,,,1.0,1.0,1.0,,3.0,1.0,1.0,1.0,1.0,,1.0,,,,,
Puerto Octay,FONASA,,,,,,,2.0,,,2.0,,,,2.0,,,,,,,,,,,,,1.0,1.0,,1.0
Puerto Varas,DESCONOCIDO,,,,,,,,,,1.0,1.0,1.0,1.0,,1.0,,,1.0,,,,,,,,,,,,
Puerto Varas,FONASA,,,,,1.0,,,1.0,,,,1.0,3.0,1.0,2.0,,,2.0,,2.0,2.0,,,1.0,,,,,,
Puerto Varas,ISAPRE,,,,,,1.0,1.0,2.0,,2.0,2.0,,,1.0,,1.0,,1.0,,,,1.0,,,,,,,,
Punta Arenas,DESCONOCIDO,,,,,,,,,,,,,,,,,,,,,,1.0,,,1.0,,,,1.0,
Punta Arenas,FONASA,,,,,,,,,,,,,,,,,,,,1.0,1.0,,1.0,,,,,1.0,1.0,
Punta Arenas,ISAPRE,,1.0,,,,,,,,,,,,,,,,,,1.0,,1.0,,,1.0,,,,,
Purén,FONASA,,,,,,1.0,1.0,,,,,,,,1.0,1.0,1.0,,,,,,,,,,,,,
Putaendo,FONASA,,,,,1.0,1.0,,,,,,,,,,,,,,,,,,,,,,,,
Puyehue,FONASA,,,,,,,,,,,,,1.0,,1.0,,,1.0,,,,,,,,,,,,
Quellón,FONASA,,,,1.0,2.0,1.0,1.0,1.0,,1.0,1.0,,,,,,,,,,,,,,,,,,,
Quellón,ISAPRE,,,,,1.0,1.0,,,,,,,,,,,,,,,1.0,,1.0,,1.0,,,,,
Quemchi,DESCONOCIDO,,,,,,,,,,,,,,,,,,,,,,,,,,,,1.0,,1.0
Quemchi,ISAPRE,,,,,,,,,,,,,,,,,,,,,,,,,,,,1.0,,
Quilaco,FONASA,,,,,,,,,,,,,,,,,,,,1.0,1.0,,1.0,,,,,,,
Quilicura,DESCONOCIDO,9.0,7.0,6.0,6.0,7.0,5.0,9.0,5.0,8.0,6.0,4.0,7.0,5.0,4.0,7.0,4.0,,3.0,2.0,5.0,3.0,5.0,,3.0,1.0,1.0,4.0,2.0,3.0,3.0
Quilicura,FONASA,57.0,47.0,46.0,52.0,41.0,48.0,47.0,59.0,38.0,58.0,57.0,52.0,50.0,46.0,51.0,40.0,50.0,43.0,62.0,40.0,47.0,43.0,28.0,35.0,40.0,20.0,28.0,33.0,23.0,24.0
Quilicura,ISAPRE,10.0,13.0,10.0,11.0,11.0,11.0,20.0,20.0,14.0,23.0,21.0,20.0,19.0,17.0,18.0,8.0,18.0,14.0,15.0,14.0,15.0,16.0,8.0,12.0,12.0,7.0,8.0,14.0,5.0,8.0
Quilicura,NINGUNA,,2.0,1.0,2.0,2.0,1.0,1.0,2.0,,,1.0,2.0,2.0,3.0,4.0,1.0,4.0,1.0,2.0,1.0,,1.0,,,1.0,,,1.0,,
Quillota,FONASA,1.0,,1.0,,,1.0,,,,,,,,,,,,,,,,,1.0,,,1.0,1.0,,,
Quillón,FONASA,,,,,,,,,,,,,1.0,,,,1.0,,,,,,,,,,,,,
Quilpue,FONASA,,,1.0,,,1.0,,,1.0,,,,1.0,,1.0,1.0,,1.0,,,,,,,,1.0,,1.0,,1.0
Quilpue,ISAPRE,,,1.0,,,1.0,,,,,,,,,,,,,,,,,,,,,,,,
Quinta Normal,CAPREDENA,,,,,,,1.0,1.0,1.0,,,,,,,,,,,,,,,,,,1.0,,,1.0
Quinta Normal,DESCONOCIDO,9.0,6.0,5.0,8.0,3.0,3.0,6.0,5.0,6.0,4.0,11.0,12.0,12.0,11.0,13.0,4.0,10.0,6.0,10.0,8.0,11.0,6.0,9.0,11.0,8.0,7.0,3.0,6.0,5.0,5.0
Quinta Normal,FONASA,49.0,55.0,55.0,35.0,38.0,45.0,31.0,35.0,30.0,36.0,44.0,47.0,47.0,45.0,46.0,36.0,46.0,37.0,45.0,50.0,26.0,39.0,28.0,27.0,36.0,43.0,30.0,37.0,28.0,17.0
Quinta Normal,ISAPRE,7.0,12.0,5.0,7.0,2.0,7.0,7.0,4.0,8.0,7.0,6.0,3.0,9.0,4.0,2.0,5.0,7.0,1.0,7.0,6.0,7.0,4.0,4.0,5.0,1.0,5.0,4.0,1.0,5.0,1.0
Quinta Normal,NINGUNA,,2.0,,2.0,1.0,3.0,2.0,,3.0,3.0,1.0,1.0,3.0,,2.0,2.0,1.0,1.0,1.0,2.0,1.0,,3.0,2.0,1.0,2.0,1.0,,2.0,
Quinta Normal,SISA,,,,1.0,,1.0,,,1.0,,,,,,,,,,,,,,,,,,,,,
Quinta de Tilcoco,DESCONOCIDO,,,,,,,,,,,,,,,,,,,,1.0,,,,,,,,,,
Quintero,FONASA,1.0,,1.0,1.0,,,,,,,,,1.0,,,1.0,,,1.0,,,,,,,,,,,
Rancagua,FONASA,,,1.0,1.0,1.0,1.0,3.0,,1.0,2.0,,3.0,,2.0,1.0,1.0,,,1.0,1.0,4.0,,1.0,2.0,,2.0,1.0,2.0,1.0,
Rancagua,ISAPRE,1.0,,,,,1.0,,1.0,,,1.0,1.0,,1.0,,,1.0,,,,,,,,,,,,,
Recoleta,CAPREDENA,,,,,,,,,,,,,,,,,,,,,,,,,,,,1.0,,1.0
Recoleta,DESCONOCIDO,8.0,7.0,4.0,3.0,1.0,,,2.0,2.0,1.0,2.0,2.0,1.0,7.0,5.0,4.0,5.0,1.0,5.0,1.0,4.0,1.0,2.0,1.0,1.0,,1.0,1.0,2.0,1.0
Recoleta,DIPRECA,,,,,,,,,,1.0,,1.0,,1.0,,,,,,,,,,,,,,,,
Recoleta,FONASA,30.0,26.0,31.0,27.0,39.0,38.0,48.0,36.0,39.0,47.0,46.0,39.0,35.0,30.0,39.0,19.0,33.0,40.0,38.0,43.0,31.0,31.0,31.0,28.0,35.0,29.0,30.0,33.0,25.0,23.0
Recoleta,ISAPRE,16.0,5.0,12.0,8.0,11.0,8.0,8.0,9.0,6.0,12.0,7.0,10.0,12.0,8.0,10.0,9.0,3.0,9.0,12.0,7.0,8.0,3.0,5.0,7.0,9.0,7.0,11.0,7.0,6.0,1.0
Recoleta,NINGUNA,,,2.0,,,1.0,,,,,,,,,,,,,1.0,1.0,,1.0,,,,,,1.0,,
Renca,DESCONOCIDO,6.0,1.0,3.0,,6.0,8.0,6.0,4.0,3.0,3.0,5.0,8.0,4.0,2.0,2.0,4.0,3.0,2.0,2.0,4.0,3.0,2.0,6.0,1.0,13.0,9.0,3.0,1.0,1.0,4.0
Renca,DIPRECA,,,,,,,,,,,,,,,,,,,,1.0,1.0,,1.0,,,,,,,
Renca,FONASA,71.0,56.0,50.0,65.0,54.0,70.0,57.0,71.0,54.0,65.0,43.0,63.0,43.0,31.0,45.0,21.0,36.0,26.0,18.0,27.0,22.0,24.0,28.0,27.0,34.0,44.0,20.0,18.0,20.0,8.0
Renca,ISAPRE,11.0,12.0,11.0,18.0,8.0,5.0,11.0,9.0,5.0,9.0,9.0,5.0,5.0,3.0,2.0,6.0,3.0,4.0,1.0,4.0,7.0,2.0,5.0,1.0,5.0,3.0,1.0,3.0,3.0,3.0
Renca,NINGUNA,,1.0,2.0,,2.0,,1.0,,,1.0,1.0,,,,1.0,1.0,,1.0,,,,,,,,,,,,
Rengo,DESCONOCIDO,,,,,,,,,,,,,,,,,,,,,1.0,,,1.0,,,,1.0,,
Rengo,FONASA,1.0,2.0,,,,,,,,,,,,,,,,,,,,,,,,,,,,
Retiro,FONASA,,1.0,,,1.0,,,,,,,,,,,,,,,,1.0,,,,,,,,,
Ránquil,DIPRECA,1.0,,,,,,,,,,,,,,,,,,,,,,,,,,,,,
Río Negro,FONASA,,,,,,,,,,1.0,1.0,,2.0,1.0,,1.0,1.0,,1.0,1.0,,,,2.0,2.0,,1.0,,,
Río Negro,ISAPRE,,,,,,,,,,,,,,1.0,1.0,,,,,,,,,,,,,,,
Saavedra,FONASA,,,,,,2.0,2.0,,,,,,,,,,,,,,,,,,,1.0,1.0,1.0,,
Salamanca,DESCONOCIDO,,1.0,,,,,,,,,,,,,,,,,,,,,,,,,,,,
Salamanca,FONASA,,1.0,,,,,,,,,,,,,,,,,,,,,,,,,,,,
San Antonio,FONASA,,1.0,,,1.0,,,,,1.0,,,1.0,1.0,,2.0,,1.0,,,,,,,,,1.0,,1.0,
San Bernardo,CAPREDENA,,2.0,,1.0,,1.0,1.0,1.0,,1.0,1.0,,,1.0,,1.0,,2.0,,3.0,,1.0,1.0,1.0,1.0,,,,1.0,
San Bernardo,DESCONOCIDO,14.0,14.0,16.0,9.0,14.0,10.0,7.0,14.0,14.0,11.0,20.0,15.0,9.0,12.0,10.0,8.0,11.0,17.0,13.0,22.0,16.0,14.0,10.0,3.0,13.0,9.0,7.0,12.0,13.0,7.0
San Bernardo,FONASA,57.0,53.0,50.0,45.0,52.0,56.0,57.0,50.0,32.0,43.0,41.0,64.0,73.0,75.0,64.0,48.0,65.0,77.0,76.0,60.0,62.0,69.0,46.0,52.0,39.0,43.0,43.0,51.0,43.0,40.0
San Bernardo,ISAPRE,14.0,6.0,12.0,13.0,13.0,12.0,17.0,12.0,10.0,9.0,14.0,13.0,6.0,13.0,12.0,6.0,12.0,11.0,11.0,12.0,5.0,9.0,2.0,5.0,10.0,4.0,6.0,5.0,5.0,8.0
San Bernardo,NINGUNA,,,,,,,,,,,1.0,2.0,3.0,1.0,,2.0,1.0,1.0,1.0,,,,1.0,,2.0,1.0,,,1.0,
San Bernardo,SISA,,,,,,,,,,,,,,,1.0,,1.0,,,1.0,,,,,,,,,,
San Carlos,DESCONOCIDO,,,,,,1.0,,,,1.0,1.0,,,,,,,,,,,,,,,,,,,
San Carlos,FONASA,1.0,1.0,,,3.0,,,1.0,,,,1.0,,,,,,,,1.0,,,,,,,,,,
San Carlos,ISAPRE,,,,,,,,1.0,,,1.0,,,,1.0,,,,,,,,,,,,,,,
San Fabián,FONASA,,,1.0,,,,,,,,,,,,,,,,,,,,,,,,,,,
San Felipe,ISAPRE,,,,,,,,,,,,1.0,,,1.0,,,,,,,,,,,,,,,
San Fernando,ISAPRE,,1.0,,1.0,,,,,,,,,,,,,,,,,,,,,,,,,,
San Joaquín,DESCONOCIDO,,3.0,1.0,5.0,3.0,5.0,4.0,4.0,1.0,3.0,5.0,5.0,2.0,4.0,3.0,2.0,3.0,4.0,1.0,3.0,7.0,2.0,2.0,3.0,1.0,3.0,,1.0,2.0,
San Joaquín,DIPRECA,,1.0,1.0,,1.0,,,,,1.0,1.0,,,,,,,,,,,,,,,,,,,
San Joaquín,FONASA,23.0,22.0,15.0,17.0,20.0,19.0,16.0,30.0,17.0,31.0,30.0,29.0,14.0,33.0,14.0,15.0,23.0,29.0,15.0,19.0,17.0,17.0,14.0,15.0,14.0,13.0,16.0,12.0,13.0,20.0
San Joaquín,ISAPRE,7.0,4.0,6.0,4.0,5.0,4.0,5.0,5.0,5.0,5.0,5.0,5.0,4.0,4.0,2.0,3.0,1.0,3.0,4.0,5.0,4.0,4.0,1.0,,2.0,1.0,1.0,,1.0,
San Joaquín,NINGUNA,,,1.0,,1.0,2.0,2.0,1.0,,,,,,,,,1.0,,,,,,,,,,1.0,,1.0,
San José de Maipo,CAPREDENA,,,,1.0,1.0,,1.0,,,,,,,,,,,,,,,,,,,,,,,
San José de Maipo,DESCONOCIDO,,1.0,1.0,1.0,1.0,,,,,,2.0,1.0,2.0,,,1.0,,,,,,,,,,,,,,
San José de Maipo,FONASA,3.0,4.0,3.0,3.0,2.0,3.0,5.0,6.0,4.0,5.0,4.0,2.0,3.0,7.0,4.0,5.0,6.0,2.0,5.0,6.0,,2.0,3.0,,2.0,,1.0,2.0,3.0,4.0
San José de Maipo,ISAPRE,2.0,2.0,1.0,1.0,1.0,1.0,1.0,1.0,2.0,2.0,2.0,,1.0,,2.0,1.0,2.0,,2.0,,1.0,,,,,,3.0,1.0,,3.0
San Juan de la Costa,FONASA,,,,,,,,,,,,,,,,,,,,,,,,,,,,,,1.0
San Miguel,CAPREDENA,2.0,,1.0,,,1.0,,,,,,,,,,,,,,,,,,,,,,,,
San Miguel,DESCONOCIDO,14.0,8.0,10.0,6.0,13.0,15.0,20.0,17.0,10.0,8.0,7.0,14.0,14.0,12.0,8.0,6.0,10.0,11.0,7.0,7.0,4.0,4.0,7.0,3.0,9.0,7.0,6.0,10.0,7.0,9.0
San Miguel,FONASA,32.0,29.0,22.0,19.0,38.0,44.0,31.0,34.0,27.0,32.0,34.0,37.0,37.0,41.0,29.0,28.0,36.0,37.0,31.0,30.0,18.0,21.0,18.0,24.0,25.0,23.0,26.0,17.0,23.0,15.0
San Miguel,ISAPRE,24.0,19.0,9.0,11.0,15.0,9.0,12.0,17.0,14.0,13.0,18.0,23.0,21.0,16.0,13.0,8.0,9.0,10.0,10.0,10.0,11.0,14.0,6.0,7.0,8.0,10.0,11.0,8.0,8.0,4.0
San Miguel,NINGUNA,1.0,3.0,2.0,3.0,2.0,1.0,1.0,1.0,2.0,2.0,3.0,1.0,1.0,2.0,2.0,2.0,,1.0,1.0,1.0,,1.0,,,,,,1.0,,1.0
San Nicolás,FONASA,,,,,,,,,,,,,,,,,,,,,,,,,,,,1.0,,
San Pablo,FONASA,,,,,,,,,,,,,,,,,,,1.0,,,1.0,,,1.0,,,,,
San Pedro,FONASA,3.0,3.0,3.0,1.0,,2.0,4.0,1.0,5.0,1.0,2.0,4.0,4.0,,3.0,,,3.0,2.0,4.0,3.0,2.0,1.0,1.0,3.0,2.0,1.0,,2.0,
San Pedro,ISAPRE,,1.0,,1.0,,,,,,,,,,,,,,,,,,,,,,,,,,
San Pedro,NINGUNA,,,,,,,,,,,,,,,,,,,1.0,1.0,,2.0,,,2.0,,,,,
San Pedro de Atacama,FONASA,,,,,,,,,,,,,1.0,,,,1.0,,,,,,,1.0,1.0,,1.0,,,
San Pedro de Atacama,ISAPRE,,,,,,,,,,,1.0,,,,1.0,,,,,,,,,,,,,,,
San Pedro de la Paz,DESCONOCIDO,,,,,,,,,,,,,,,,,,,1.0,,,1.0,,,,,,,,
San Pedro de la Paz,FONASA,1.0,1.0,2.0,3.0,,,1.0,,1.0,,1.0,1.0,3.0,1.0,3.0,1.0,1.0,3.0,,1.0,1.0,1.0,1.0,,1.0,1.0,,1.0,1.0,
San Pedro de la Paz,ISAPRE,,,1.0,,,,,,,,1.0,1.0,,1.0,1.0,,,1.0,,,,,,,,,,,,
San Ramón,DESCONOCIDO,1.0,1.0,1.0,2.0,,,2.0,3.0,2.0,2.0,3.0,1.0,5.0,3.0,,3.0,,1.0,1.0,2.0,1.0,1.0,,2.0,3.0,2.0,3.0,4.0,2.0,2.0
San Ramón,FONASA,15.0,16.0,16.0,10.0,18.0,14.0,11.0,10.0,10.0,12.0,14.0,18.0,15.0,19.0,12.0,9.0,16.0,20.0,12.0,17.0,12.0,15.0,9.0,15.0,15.0,14.0,7.0,17.0,9.0,12.0
San Ramón,ISAPRE,3.0,,1.0,3.0,2.0,2.0,1.0,3.0,1.0,3.0,3.0,2.0,2.0,4.0,2.0,2.0,1.0,,,2.0,,1.0,1.0,1.0,2.0,3.0,,1.0,,1.0
San Ramón,NINGUNA,,1.0,,,,,,,,,,,,,,,,1.0,,1.0,1.0,1.0,1.0,,,,,,,
Santa Bárbara,FONASA,,,,,,,,,,,,,,,,1.0,,,1.0,,,1.0,,,,,,,,
Santa Cruz,FONASA,,,,,,,,,,1.0,,1.0,,,,,,,,,,,,,,,,,,
Santa Juana,FONASA,,,,,,,,,,1.0,1.0,,1.0,,,,,,,,,,,,,,,,,
Santiago,CAPREDENA,1.0,,3.0,,,1.0,,,,,,,1.0,,2.0,,1.0,1.0,,1.0,,,,,,,,,,
Santiago,DESCONOCIDO,51.0,32.0,21.0,21.0,22.0,37.0,38.0,38.0,36.0,39.0,48.0,37.0,38.0,36.0,31.0,17.0,39.0,40.0,33.0,43.0,39.0,37.0,33.0,25.0,29.0,19.0,18.0,15.0,22.0,17.0
Santiago,DIPRECA,,1.0,2.0,,1.0,1.0,,1.0,,,1.0,1.0,,,1.0,1.0,1.0,,,,,,1.0,,1.0,,,,,1.0
Santiago,FONASA,119.0,89.0,104.0,105.0,88.0,88.0,76.0,86.0,74.0,81.0,110.0,109.0,111.0,122.0,95.0,79.0,77.0,101.0,107.0,102.0,78.0,86.0,64.0,61.0,89.0,78.0,87.0,96.0,77.0,60.0
Santiago,ISAPRE,56.0,52.0,51.0,37.0,38.0,49.0,42.0,46.0,32.0,50.0,58.0,64.0,51.0,49.0,66.0,31.0,45.0,53.0,53.0,50.0,42.0,46.0,25.0,31.0,39.0,21.0,25.0,23.0,24.0,29.0
Santiago,NINGUNA,3.0,3.0,2.0,3.0,,4.0,5.0,7.0,1.0,3.0,1.0,2.0,3.0,1.0,5.0,3.0,3.0,4.0,4.0,5.0,1.0,5.0,1.0,2.0,6.0,3.0,5.0,5.0,5.0,5.0
Santo Domingo,FONASA,,,,,,,,,,,,,,,1.0,1.0,,,,,,,,,,,,,,
Sin Datos,DESCONOCIDO,,,,,,,,,,,,,,,,,,,,1.0,,1.0,,,1.0,,,,,
Talagante,DESCONOCIDO,2.0,3.0,2.0,1.0,3.0,1.0,1.0,,,1.0,3.0,1.0,3.0,,,2.0,,,,2.0,1.0,,3.0,2.0,,3.0,,1.0,1.0,1.0
Talagante,DIPRECA,,,,,,,,,,,,,1.0,1.0,,1.0,,,,,,,,1.0,,,1.0,,,
Talagante,FONASA,21.0,21.0,15.0,20.0,16.0,26.0,21.0,21.0,18.0,22.0,24.0,25.0,23.0,16.0,16.0,11.0,14.0,11.0,12.0,17.0,10.0,18.0,11.0,17.0,10.0,18.0,15.0,9.0,12.0,13.0
Talagante,ISAPRE,4.0,9.0,2.0,6.0,1.0,5.0,4.0,5.0,5.0,4.0,2.0,10.0,3.0,2.0,4.0,3.0,2.0,2.0,1.0,,,,,1.0,2.0,1.0,2.0,3.0,3.0,1.0
Talagante,NINGUNA,,,1.0,2.0,,2.0,1.0,,2.0,1.0,,1.0,,,,,,,,1.0,1.0,1.0,,2.0,,2.0,3.0,1.0,2.0,
Talca,FONASA,,,,,,,,,,,,1.0,,,,,,,,,,,,,,,,,,
Talcahuano,FONASA,,1.0,,2.0,1.0,1.0,1.0,1.0,,1.0,2.0,1.0,1.0,1.0,1.0,,1.0,1.0,1.0,,,3.0,,,2.0,,,,1.0,
Talcahuano,ISAPRE,1.0,,,,,,,,,,,,,1.0,1.0,,1.0,,,1.0,,,,,,,,,,
Talcahuano,SISA,,,,,,,,,,,,,,,,,,,,,,,1.0,,,,,,,
Temuco,FONASA,2.0,3.0,5.0,2.0,4.0,1.0,2.0,2.0,,2.0,1.0,3.0,1.0,3.0,3.0,2.0,3.0,2.0,3.0,2.0,2.0,2.0,3.0,,,,2.0,2.0,,1.0
Temuco,ISAPRE,,,1.0,,,,,,1.0,,,,1.0,1.0,1.0,,1.0,1.0,,1.0,,,,,,,,,,
Teodoro Schmidt,FONASA,,,,,,,,,,,,,,,,,,,,,,,,,,,,,1.0,1.0
Tierra Amarilla,FONASA,,,,,,,,,1.0,,,1.0,,,1.0,,,,,,,,,,,,,,,
Tiltil,FONASA,3.0,1.0,3.0,4.0,6.0,4.0,3.0,1.0,2.0,,3.0,1.0,1.0,3.0,1.0,2.0,3.0,5.0,10.0,5.0,9.0,8.0,2.0,7.0,6.0,3.0,5.0,7.0,3.0,4.0
Tiltil,ISAPRE,3.0,1.0,1.0,1.0,,,,,,,1.0,,1.0,,,1.0,,1.0,1.0,1.0,1.0,,2.0,1.0,2.0,,2.0,,1.0,
Tocopilla,FONASA,,,,1.0,,,1.0,,,1.0,1.0,,,,,,,,,,,,,,1.0,1.0,,,2.0,
Tocopilla,ISAPRE,,,1.0,,,,,,,,,,,,,,,,,,,,,,1.0,,,1.0,,
Toltén,FONASA,,,,,,,,2.0,,2.0,,,2.0,,,,,1.0,,,1.0,,,1.0,,,,1.0,1.0,
Tome,FONASA,,1.0,,,1.0,,,,,,,,,,,,,,1.0,1.0,1.0,1.0,,,1.0,1.0,1.0,3.0,,2.0
Traiguén,ISAPRE,,,1.0,,,,,,,,,,,,,,,,,,,,,,,,,,,
Treguaco,FONASA,,,,,1.0,,,,,,,,,,,,,,,,,,,,,,,,,
Treguaco,ISAPRE,,,,,,,1.0,,1.0,,,,,,,,,,,,,,,,,,,,,
Valdivia,DESCONOCIDO,,,,,,,,,,,,,5.0,,4.0,7.0,,3.0,10.0,1.0,,9.0,1.0,,,2.0,1.0,,,
Valdivia,FONASA,3.0,,1.0,,,1.0,,1.0,1.0,,,1.0,2.0,,8.0,6.0,,7.0,7.0,,,13.0,,,1.0,1.0,,1.0,,
Valdivia,ISAPRE,,,,,,,,,,,,,1.0,,,1.0,,,1.0,,,,,,,,,,,
Vallenar,FONASA,,,,,,,,,,,,,,,,,,,,,,,,,1.0,,,,,
Vallenar,ISAPRE,,,,,,,,,,1.0,,,,,,,,,1.0,,1.0,,,,,,,,,
Valparaiso,CAPREDENA,,,,,,,,,,,,,1.0,1.0,1.0,,,,,,,,,,,,,,,
Valparaiso,DESCONOCIDO,,,,,,,,,,1.0,,,1.0,,,1.0,,1.0,,,,,,,,,,,,
Valparaiso,FONASA,1.0,1.0,1.0,,1.0,1.0,,,,,1.0,,2.0,1.0,3.0,2.0,2.0,,1.0,,1.0,,1.0,,,,1.0,,2.0,
Valparaiso,ISAPRE,1.0,,1.0,,,,,,1.0,1.0,,1.0,1.0,1.0,,1.0,,1.0,,,1.0,,,,1.0,,,,,1.0
Victoria,FONASA,,,,,,,2.0,,,,2.0,1.0,2.0,,,1.0,,,,,,,,,,,,,,
Victoria,ISAPRE,,,,,,,,,,,,,,,,,,,,,,,,,1.0,,1.0,,1.0,
Villa Alemana,FONASA,,,,,,,,,,,,,,,,,,,,,,,,,,,,,,1.0
Villa Alemana,ISAPRE,,,,,,,,,,,,,,,,,,,,,,,,1.0,1.0,1.0,,,,
Villarrica,FONASA,,2.0,1.0,,2.0,,2.0,,1.0,1.0,1.0,2.0,,1.0,3.0,3.0,3.0,3.0,1.0,2.0,1.0,1.0,3.0,3.0,,1.0,1.0,1.0,,
Vitacura,DESCONOCIDO,5.0,3.0,3.0,5.0,4.0,4.0,1.0,2.0,3.0,4.0,4.0,6.0,5.0,3.0,4.0,4.0,1.0,3.0,4.0,4.0,2.0,4.0,2.0,1.0,1.0,2.0,1.0,1.0,1.0,1.0
Vitacura,FONASA,6.0,4.0,3.0,5.0,2.0,2.0,3.0,2.0,4.0,2.0,6.0,5.0,2.0,5.0,3.0,5.0,3.0,6.0,3.0,5.0,1.0,2.0,3.0,,2.0,3.0,2.0,2.0,3.0,2.0
Vitacura,ISAPRE,21.0,14.0,12.0,27.0,12.0,10.0,18.0,12.0,9.0,16.0,19.0,12.0,18.0,20.0,18.0,18.0,16.0,15.0,17.0,13.0,10.0,21.0,10.0,9.0,13.0,11.0,8.0,6.0,5.0,1.0
Vitacura,NINGUNA,,,,,,,,1.0,2.0,1.0,1.0,,,,,,,,,,,,,,,,,,,
Viña del Mar,CAPREDENA,,,,,,,,,,,,,1.0,,,,,,,,,,,,,,,,,
Viña del Mar,DIPRECA,,,,,,,,,,,,,,,1.0,,,,,,,,,,,,,,,
Viña del Mar,FONASA,,,,,,,,1.0,,,,1.0,2.0,,1.0,2.0,,1.0,1.0,1.0,2.0,1.0,2.0,1.0,,2.0,1.0,,3.0,
Viña del Mar,ISAPRE,,,,,,,1.0,1.0,,,,,,,,,,,1.0,,1.0,,1.0,,,,,,,
Yumbel,FONASA,,,,,,,,,,,,,,,,,,,,,,,,,,,1.0,,,
Yungay,DESCONOCIDO,,,,,,,,,,,,,,,,,,,,1.0,,,,,,,,,,
Yungay,FONASA,,,,,,,,,,,,1.0,,,,1.0,,,,1.0,,,,,,,,,,
Zapallar,FONASA,,,,,,,,,,,1.0,,,1.0,,,,1.0,,,1.0,,,1.0,,,1.0,,,
Ñuñoa,CAPREDENA,1.0,,,,,,1.0,,1.0,,,1.0,1.0,,1.0,,,1.0,1.0,,1.0,,,1.0,,,,,,
Ñuñoa,DESCONOCIDO,18.0,11.0,13.0,11.0,8.0,13.0,8.0,9.0,9.0,8.0,9.0,18.0,10.0,15.0,6.0,6.0,8.0,7.0,5.0,14.0,11.0,9.0,9.0,4.0,6.0,7.0,5.0,11.0,3.0,7.0
Ñuñoa,DIPRECA,,,1.0,1.0,,1.0,,,,,,,,,,,,,,,,,,,,,,,,
Ñuñoa,FONASA,45.0,30.0,41.0,25.0,29.0,33.0,34.0,40.0,34.0,41.0,37.0,53.0,41.0,43.0,29.0,35.0,23.0,27.0,21.0,22.0,22.0,19.0,15.0,15.0,18.0,15.0,17.0,18.0,11.0,18.0
Ñuñoa,ISAPRE,43.0,34.0,30.0,23.0,27.0,28.0,28.0,33.0,28.0,25.0,30.0,35.0,34.0,39.0,26.0,25.0,21.0,29.0,26.0,25.0,22.0,19.0,16.0,15.0,21.0,13.0,16.0,15.0,11.0,13.0
Ñuñoa,NINGUNA,1.0,,1.0,1.0,1.0,2.0,1.0,,,,1.0,,3.0,2.0,2.0,3.0,2.0,1.0,,,2.0,,,1.0,,,,,,
