cont_comuna,2021-11-01,2021-11-02,2021-11-03,2021-11-04,2021-11-05,2021-11-06,2021-11-07,2021-11-08,2021-11-09,2021-11-10,2021-11-11,2021-11-12,2021-11-13,2021-11-14,2021-11-15,2021-11-16,2021-11-17,2021-11-18,2021-11-19,2021-11-20,2021-11-21,2021-11-22,2021-11-23,2021-11-24,2021-11-25,2021-11-26,2021-11-27,2021-11-28,2021-11-29,2021-11-30,2021-12-01,2021-12-02,2021-12-03,2021-12-04,2021-12-05,2021-12-06,2021-12-07,2021-12-08,2021-12-09,2021-12-10,2021-12-11,2021-12-12,2021-12-13,2021-12-14,2021-12-15,2021-12-16,2021-12-17,2021-12-18,2021-12-19,2021-12-20,2021-12-21,2021-12-22,2021-12-23,2021-12-24,2021-12-25,2021-12-26,2021-12-27
Aisén,,,,,,,1.0,,,,,,,,,,,,,,,,,,,,,,,,,,,,,,,,,,,,,,,,,,,,,1.0,,,,,
Algarrobo,,,,,,,1.0,2.0,2.0,,1.0,2.0,2.0,,1.0,,,,,,,,,,,,1.0,,,,,,,,,,,,,,,,,,,,1.0,,,,,1.0,1.0,,,,
Alhué,,,1.0,2.0,2.0,4.0,3.0,5.0,2.0,,1.0,,1.0,,,1.0,,1.0,2.0,3.0,2.0,2.0,1.0,,,1.0,,,,,5.0,4.0,3.0,2.0,1.0,1.0,1.0,1.0,1.0,,,,,,,,,,,,,1.0,,,,,
Alto Hospicio,,,,,,,,,1.0,1.0,1.0,2.0,2.0,1.0,,,,,1.0,1.0,,,,,,,,,,,,,,,,,,,,,,,,,,,,,1.0,,,,,1.0,1.0,,
Ancud,,,,,,,,,,,,,,,,,,,,,,,,,,,1.0,1.0,1.0,,,,,,,,,,,,,,,,,,,,,,,,,,,,
Andacollo,,,,,,,,,,,,,,,,,,1.0,,,,,,,,,,,,,,,,,,1.0,,,,,,,,,,,,,,,,,,,,,
Angol,,,,,,,,,,,,,,,,,,,,,,,,,,1.0,,,,,,,,,,1.0,,1.0,,,,,,,,,,,,,,,,,,,
Antofagasta,1.0,1.0,,1.0,2.0,1.0,,,2.0,,1.0,1.0,3.0,,2.0,,1.0,2.0,1.0,2.0,1.0,2.0,2.0,3.0,2.0,,,,1.0,2.0,2.0,2.0,2.0,1.0,2.0,1.0,1.0,4.0,4.0,2.0,3.0,1.0,,1.0,,1.0,,,,2.0,,,,,1.0,1.0,
Arauco,,,,,,,,,,,,,,,,,,1.0,,,,,,,,,,,,,,,,,,,,,,,,,,,,,,,,,,,,,,,
Arica,1.0,1.0,1.0,1.0,1.0,1.0,1.0,,,1.0,1.0,1.0,1.0,,,,,,,,,,,1.0,,,,,,,1.0,,,,,,1.0,1.0,1.0,,,,,,1.0,1.0,,,,,,,,,,,
Buin,19.0,22.0,31.0,37.0,44.0,43.0,36.0,35.0,47.0,49.0,45.0,59.0,45.0,45.0,44.0,43.0,28.0,50.0,44.0,22.0,25.0,14.0,23.0,22.0,16.0,22.0,22.0,20.0,23.0,19.0,17.0,26.0,22.0,12.0,9.0,7.0,11.0,18.0,19.0,7.0,11.0,10.0,8.0,16.0,11.0,11.0,10.0,12.0,11.0,11.0,7.0,19.0,14.0,10.0,8.0,7.0,6.0
Bulnes,,,,,,,,,,,,,,,,,1.0,1.0,1.0,,,,,,1.0,1.0,1.0,1.0,2.0,2.0,2.0,3.0,2.0,1.0,1.0,,,,,,,,,,,,,,,,,,,,,,
Cabildo,,,,,,1.0,1.0,,,,,,,,,,,,,,,,,,,,,,,,,,,,,,,,,,,,,,,,,,,,,,,,,,
Cabrero,1.0,1.0,1.0,1.0,1.0,1.0,1.0,1.0,1.0,,,,,,,,,,,,,1.0,,,,,,,,,,,,,,,,,,,,,,,,,,,,,,,,,,,
Calama,,,,,,,,,,,,,1.0,1.0,1.0,1.0,2.0,1.0,1.0,,,,,,,1.0,1.0,,,,,,,,1.0,,,,,1.0,,,,,,1.0,1.0,1.0,1.0,1.0,1.0,1.0,2.0,2.0,2.0,1.0,2.0
Calbuco,,,,,,,,,,,,1.0,,,1.0,,,1.0,1.0,,,,,,,,,,,,,,,,,1.0,,,,,,,,,,,1.0,3.0,1.0,1.0,1.0,,,,,,
Calera,,,,1.0,,,,,1.0,,,1.0,,1.0,1.0,1.0,,,,,,,,1.0,1.0,,,,,,,,,,,,,1.0,1.0,1.0,,,,,,,,,,,,,1.0,,,,
Calera de Tango,5.0,8.0,5.0,9.0,6.0,10.0,8.0,10.0,11.0,12.0,11.0,23.0,12.0,11.0,15.0,14.0,15.0,22.0,18.0,8.0,11.0,6.0,8.0,6.0,7.0,6.0,2.0,5.0,3.0,2.0,4.0,5.0,7.0,6.0,3.0,3.0,6.0,4.0,5.0,3.0,2.0,1.0,,,,1.0,,,1.0,1.0,,1.0,,1.0,2.0,1.0,2.0
Camarones,,,,,,,,,,,,,,,,,,1.0,1.0,1.0,1.0,1.0,1.0,1.0,1.0,1.0,1.0,,,,,,,,,,,,,,,,,,,,,,,,,,,,,,
Cartagena,1.0,,,1.0,,,1.0,1.0,1.0,1.0,1.0,3.0,2.0,2.0,3.0,1.0,1.0,1.0,1.0,1.0,,,,,,,,,,,,3.0,1.0,1.0,1.0,1.0,1.0,1.0,,1.0,,,,1.0,,,,,,,,,,,,1.0,1.0
Casablanca,,,,,,,,,,,,,,,,,,1.0,1.0,,,,,,,,,,,,,1.0,,,,,,,,,,,,,,,,,,,,,,,,,1.0
Catemu,,,,,,,,,,1.0,1.0,1.0,,,,,,,,,,,,,,,,,,,,,,,,,,,,,,,,,,,,,,,,,,,,,
Cañete,,,,,,,,,,2.0,,,,,,,,,,,,,,1.0,,,1.0,,,,,,,,,,,,,,,,,,,,,,,,,,,,1.0,2.0,
Cerrillos,14.0,17.0,17.0,14.0,24.0,33.0,37.0,32.0,40.0,41.0,32.0,36.0,34.0,34.0,27.0,29.0,25.0,59.0,48.0,33.0,27.0,26.0,30.0,16.0,12.0,9.0,22.0,14.0,11.0,15.0,10.0,7.0,8.0,7.0,6.0,5.0,8.0,7.0,6.0,4.0,4.0,4.0,5.0,5.0,3.0,5.0,6.0,2.0,6.0,5.0,3.0,4.0,4.0,6.0,2.0,3.0,4.0
Cerro Navia,32.0,29.0,39.0,26.0,27.0,30.0,30.0,23.0,24.0,39.0,36.0,38.0,41.0,33.0,45.0,49.0,38.0,60.0,57.0,14.0,12.0,16.0,16.0,24.0,18.0,19.0,22.0,14.0,18.0,22.0,25.0,18.0,21.0,16.0,18.0,10.0,11.0,14.0,8.0,5.0,9.0,9.0,9.0,7.0,2.0,9.0,7.0,9.0,9.0,7.0,8.0,4.0,7.0,7.0,6.0,4.0,4.0
Chanco,,,,,,,,,,,,,1.0,,,,,,,,,,,,,,,,,,1.0,,,,,,,,,,,,,,,,,,,,,,,,,,
Chañaral,,,,,,,,,,,,1.0,1.0,,,,,,,,,,,,,,,,,,,,,,,,,,,,,,,,,,,,,,,,,,,,
Chiguayante,,,,,,1.0,,,,1.0,3.0,2.0,2.0,1.0,1.0,2.0,1.0,,,,,,,,,,,,,,,,,,,,,,,,,,,,,,,,,,,,,,,,
Chillán,,1.0,,,,,,1.0,,,,,,,1.0,,,,,,,,,,2.0,,,1.0,,,1.0,,,1.0,1.0,1.0,1.0,1.0,1.0,1.0,1.0,1.0,,,,,,,,,,1.0,1.0,,,,1.0
Chimbarongo,,,,,,,,,,,,,,,,,,,1.0,1.0,,,,,,,,,,,1.0,,,,,,,,,1.0,,,,,,,,,,,,,,,,,
Codegua,,,,,,,1.0,1.0,,,,,,,,,,,,,,,1.0,1.0,,,,,,,,,,,,,,,,,,,,,,,,,,,,,,,,,
Coelemu,,,,,,,,,,,,,,,,,,,,,,,,1.0,,,,,1.0,,,,,,,,,,,,,,,,,,,,,,,,,,,,
Colbún,,,1.0,1.0,1.0,,,,,,,,,,,,,,,,,,,,,,,,,,,,,,,,,,,,,,,,,,,,,,,,,,,,
Colina,39.0,42.0,48.0,51.0,62.0,63.0,63.0,76.0,85.0,76.0,74.0,87.0,67.0,72.0,81.0,60.0,67.0,101.0,81.0,35.0,30.0,31.0,40.0,36.0,32.0,27.0,27.0,22.0,22.0,31.0,37.0,32.0,37.0,33.0,35.0,29.0,30.0,25.0,22.0,27.0,19.0,18.0,17.0,26.0,25.0,25.0,23.0,19.0,18.0,14.0,16.0,10.0,19.0,19.0,25.0,21.0,19.0
Collipulli,,,,,,,,,,,,,2.0,,,1.0,,,,,,,,,,,,,,,,,,,,,,,1.0,1.0,1.0,,,,,,,1.0,1.0,,,,,,,,
Coltauco,,,,,,,1.0,1.0,,,,,,,,,,,,,,,,,,,,,,,,,,,,,,,,,,,,,,,,,,,,,1.0,,,,
Combarbalá,,,,2.0,1.0,,,,,,,,,,,,,,,,,,,,,,,,,,,,,,,,,,,,,,,,,,,,,,,,,,,,
Con Con,,,,1.0,,,,1.0,1.0,1.0,1.0,1.0,3.0,1.0,1.0,2.0,2.0,1.0,,2.0,2.0,1.0,1.0,1.0,1.0,1.0,,,,,,1.0,,,,,,1.0,,,1.0,,,,,,,,,,,1.0,,,1.0,3.0,1.0
Concepción,1.0,2.0,,1.0,,1.0,1.0,,2.0,1.0,,3.0,2.0,,1.0,2.0,,1.0,1.0,1.0,,,,1.0,1.0,2.0,,1.0,1.0,1.0,1.0,2.0,,,1.0,3.0,,,,1.0,,3.0,,1.0,2.0,1.0,,,,3.0,,,,1.0,,,
Conchalí,17.0,17.0,27.0,35.0,36.0,39.0,28.0,30.0,36.0,28.0,33.0,31.0,35.0,16.0,25.0,19.0,15.0,37.0,40.0,17.0,19.0,13.0,14.0,9.0,7.0,11.0,6.0,4.0,9.0,3.0,5.0,9.0,11.0,13.0,9.0,11.0,9.0,10.0,5.0,9.0,8.0,8.0,8.0,6.0,5.0,5.0,8.0,12.0,6.0,6.0,7.0,9.0,8.0,9.0,11.0,8.0,4.0
Copiapó,2.0,1.0,,,,,,1.0,,,,1.0,,1.0,,,,,,1.0,,,,,1.0,1.0,1.0,1.0,1.0,1.0,,,,,,,2.0,,,,,,,,,,1.0,,1.0,,,,1.0,,,,
Coquimbo,2.0,2.0,1.0,1.0,2.0,,2.0,,,,,1.0,,,1.0,,,,,,,1.0,,,,,,,,,2.0,1.0,1.0,,,1.0,,1.0,1.0,,1.0,,1.0,,,,,1.0,,1.0,1.0,,,,1.0,2.0,1.0
Coronel,,,,,,,,,,1.0,,1.0,,,,,2.0,2.0,1.0,,,,,1.0,1.0,,,,,,,,,,,,,,2.0,,,1.0,1.0,,,,1.0,,,,,,,,,1.0,1.0
Corral,,,,,,,,,,,,,,,,,,,,1.0,,,,,,,,,,,,,,,,,,,,,,,,,,,,,,,,,,,,,
Coyhaique,,,,,1.0,1.0,1.0,1.0,1.0,3.0,1.0,,1.0,1.0,,1.0,,1.0,1.0,1.0,,,1.0,,,,,,,,,,,,,,,,,,,,,,,,,,,,,,,,,,
Cunco,,,,,,,,,,,,,,,,,,,,,,,,,,,,,,1.0,,,,1.0,,,,,,,,,,,,,,,,,,,,,,,1.0
Curacautín,,,,,,,,,,4.0,2.0,1.0,1.0,,,1.0,,,,,,,1.0,,,,,,,,,,,,,,,,,,,,,,,,,,,,,,,,,,
Curacaví,7.0,13.0,15.0,19.0,16.0,20.0,19.0,21.0,23.0,17.0,16.0,23.0,23.0,16.0,16.0,21.0,22.0,34.0,23.0,14.0,8.0,4.0,8.0,6.0,7.0,6.0,4.0,3.0,3.0,6.0,6.0,3.0,14.0,5.0,3.0,3.0,3.0,3.0,2.0,4.0,5.0,8.0,7.0,5.0,3.0,3.0,4.0,3.0,3.0,5.0,4.0,4.0,3.0,7.0,11.0,6.0,4.0
Curanilahue,,,,,,,,,,1.0,1.0,,,,,,,,,,,,1.0,,,,,,,,,,,,,,1.0,,,,,,,,,,,,,,,,,,,,
Curepto,1.0,,,,,,,,,,,,,,,1.0,1.0,,,,,1.0,,,,,,,,,,,,,,,,,,,,,,,,,,,,,,,,,,,
Curicó,,,,,,,,1.0,,1.0,1.0,1.0,,,3.0,4.0,1.0,,,2.0,,1.0,1.0,2.0,,,1.0,,,,2.0,1.0,2.0,1.0,1.0,1.0,1.0,,,1.0,,,,,1.0,,,,,,,1.0,,,1.0,2.0,1.0
Desconocido,46.0,29.0,25.0,78.0,51.0,100.0,47.0,24.0,24.0,25.0,23.0,50.0,23.0,15.0,9.0,9.0,9.0,9.0,8.0,,1.0,,,1.0,1.0,2.0,2.0,1.0,,,8.0,2.0,,,,,1.0,1.0,1.0,1.0,1.0,1.0,,,,,1.0,1.0,1.0,1.0,,1.0,,,,1.0,
Diego de Almagro,,,,,,,,,,,,1.0,,,,,,,,,,,,,,,,,,,,,,,,,,,,,,,,,,,,,,,,,,,,,
Doñihue,,,,,,,,,,,,1.0,,,,,,,,,,,,,,,,,,,,,,,,,,,,,,,,,,,,,,,,,,,,,
El Bosque,36.0,30.0,55.0,49.0,63.0,57.0,53.0,69.0,68.0,77.0,65.0,78.0,59.0,53.0,54.0,46.0,38.0,74.0,60.0,28.0,35.0,30.0,29.0,35.0,26.0,35.0,26.0,25.0,16.0,16.0,19.0,19.0,18.0,18.0,16.0,15.0,15.0,14.0,10.0,12.0,10.0,10.0,13.0,10.0,13.0,10.0,14.0,15.0,7.0,8.0,8.0,11.0,10.0,14.0,17.0,12.0,9.0
El Monte,1.0,1.0,4.0,3.0,7.0,3.0,3.0,3.0,16.0,11.0,13.0,15.0,5.0,5.0,10.0,12.0,10.0,16.0,18.0,12.0,9.0,10.0,16.0,15.0,15.0,16.0,16.0,9.0,6.0,5.0,4.0,5.0,8.0,6.0,2.0,6.0,3.0,3.0,1.0,4.0,4.0,3.0,2.0,4.0,4.0,7.0,4.0,7.0,7.0,4.0,5.0,4.0,4.0,2.0,1.0,,1.0
El Quisco,1.0,1.0,,,,2.0,1.0,1.0,1.0,,,1.0,,,,,,,,,,,,1.0,1.0,2.0,2.0,1.0,1.0,,,,,,,,,,,,,,,,,,,,,,,,1.0,,,,
El Tabo,1.0,1.0,1.0,,,2.0,2.0,,,2.0,1.0,1.0,3.0,5.0,4.0,4.0,4.0,1.0,1.0,,,,1.0,,,,,1.0,,,,,1.0,,,,,1.0,3.0,1.0,1.0,1.0,2.0,2.0,,,,1.0,,,,1.0,,,,,
Estación Central,43.0,36.0,41.0,52.0,63.0,82.0,66.0,70.0,70.0,72.0,85.0,89.0,89.0,93.0,91.0,81.0,70.0,129.0,97.0,46.0,33.0,39.0,52.0,45.0,46.0,48.0,38.0,24.0,25.0,27.0,27.0,34.0,36.0,36.0,29.0,25.0,35.0,21.0,24.0,29.0,23.0,18.0,15.0,14.0,17.0,26.0,16.0,12.0,11.0,8.0,19.0,13.0,18.0,20.0,18.0,14.0,14.0
Freirina,,,,,,,,,,,,,,,,,,,,,,,,,,,,,,1.0,,,,,,,,,,,,,,,,,,,,,,,,,,,
Fresia,,,,,,,,,,,,,,,,,,,,,,,1.0,,,,,,,,,,,,,,,,,,,,,,,,,,1.0,1.0,,,,,,,
Frutillar,,,,,,,,,,1.0,,,,,,,,,,,,,,,,,,,,,,,,,,,,,,,,1.0,1.0,,,,,,,,,,,,,,
Futaleufú,,,,,,,,,,,,,,1.0,1.0,,,,,,,,,,,,,,,,,,,,,,,,,,,,,,,,,,,,,,,,,,
Graneros,,,,,,1.0,,,,,,,,,,,,,,,,,,,,,,,,,1.0,,,,,,1.0,1.0,,,,,,,,,,,1.0,,,,,,,,
Hualañé,,,,,,,,1.0,,,,,,,,,,1.0,1.0,,,,,,,,,,,,,,,,,,,,,,,,,,,,,,,,,,,,,,
Hualpén,,,,,,,,,1.0,,,1.0,,,,,,1.0,1.0,,,,,,,,,,3.0,2.0,1.0,1.0,1.0,,,,,,,1.0,1.0,1.0,1.0,,,,,,,,,,,,,,
Hualqui,,,,,,1.0,1.0,,,,,,,,,,,,,,,,,,,,,,,,,,,,,,,,,,,,,,,,,,1.0,1.0,,,,,,,
Huechuraba,28.0,25.0,37.0,44.0,54.0,59.0,47.0,47.0,59.0,51.0,50.0,57.0,64.0,49.0,48.0,48.0,50.0,76.0,65.0,24.0,17.0,18.0,29.0,26.0,26.0,22.0,25.0,10.0,11.0,14.0,22.0,16.0,16.0,13.0,11.0,10.0,7.0,7.0,9.0,13.0,8.0,6.0,3.0,15.0,9.0,11.0,5.0,5.0,5.0,6.0,9.0,8.0,4.0,4.0,4.0,7.0,4.0
Independencia,29.0,28.0,37.0,32.0,56.0,62.0,55.0,51.0,72.0,75.0,62.0,63.0,49.0,40.0,39.0,43.0,41.0,87.0,77.0,38.0,24.0,22.0,32.0,31.0,26.0,25.0,29.0,25.0,22.0,21.0,26.0,24.0,26.0,17.0,17.0,15.0,19.0,24.0,17.0,19.0,17.0,10.0,6.0,8.0,9.0,17.0,11.0,8.0,9.0,7.0,7.0,13.0,11.0,13.0,9.0,7.0,3.0
Iquique,1.0,1.0,,1.0,1.0,1.0,1.0,1.0,3.0,2.0,1.0,,1.0,2.0,1.0,2.0,,2.0,3.0,1.0,,,1.0,2.0,1.0,,,,,,,,,2.0,3.0,1.0,,1.0,,,,,,1.0,1.0,,1.0,2.0,1.0,2.0,1.0,1.0,1.0,1.0,,,
Isla de Maipo,6.0,4.0,8.0,7.0,11.0,7.0,11.0,23.0,21.0,11.0,20.0,19.0,21.0,19.0,20.0,22.0,16.0,21.0,18.0,9.0,10.0,8.0,9.0,7.0,8.0,13.0,9.0,6.0,5.0,12.0,10.0,14.0,9.0,7.0,4.0,3.0,8.0,4.0,2.0,3.0,3.0,2.0,1.0,3.0,1.0,1.0,2.0,2.0,4.0,5.0,4.0,3.0,4.0,5.0,6.0,4.0,2.0
La Cisterna,22.0,30.0,36.0,37.0,40.0,31.0,33.0,36.0,37.0,46.0,48.0,46.0,36.0,41.0,40.0,33.0,42.0,73.0,58.0,22.0,20.0,13.0,15.0,17.0,17.0,23.0,21.0,25.0,16.0,20.0,23.0,17.0,22.0,15.0,16.0,10.0,12.0,15.0,11.0,8.0,7.0,4.0,3.0,5.0,7.0,3.0,3.0,5.0,2.0,1.0,3.0,8.0,5.0,6.0,6.0,4.0,2.0
La Cruz,1.0,1.0,1.0,1.0,1.0,1.0,1.0,,,,,,,,,1.0,1.0,2.0,2.0,1.0,1.0,1.0,,,,,,,,,,1.0,1.0,1.0,1.0,1.0,,,,,,,,,,,,,,,,,,,,,
La Florida,72.0,70.0,95.0,89.0,104.0,121.0,103.0,113.0,143.0,138.0,139.0,128.0,135.0,123.0,127.0,103.0,99.0,224.0,188.0,72.0,58.0,53.0,60.0,56.0,63.0,46.0,48.0,38.0,41.0,32.0,38.0,40.0,42.0,25.0,34.0,30.0,32.0,27.0,26.0,29.0,25.0,27.0,21.0,23.0,23.0,37.0,25.0,20.0,16.0,23.0,19.0,24.0,14.0,29.0,38.0,29.0,23.0
La Granja,29.0,27.0,33.0,32.0,31.0,40.0,21.0,37.0,35.0,46.0,42.0,60.0,59.0,49.0,44.0,56.0,64.0,83.0,67.0,19.0,24.0,18.0,22.0,24.0,24.0,23.0,24.0,14.0,13.0,14.0,19.0,15.0,12.0,12.0,10.0,7.0,8.0,10.0,10.0,9.0,7.0,5.0,3.0,4.0,5.0,10.0,3.0,2.0,4.0,2.0,4.0,2.0,5.0,2.0,6.0,5.0,5.0
La Ligua,,,,,,,,,,,,,,,1.0,1.0,,,,,,,,,,,,,,,,,,,,,,,,,,,,,,,,,,,,,,,,,
La Pintana,20.0,24.0,36.0,45.0,45.0,57.0,43.0,43.0,56.0,50.0,54.0,43.0,41.0,42.0,43.0,50.0,45.0,87.0,75.0,28.0,22.0,21.0,22.0,30.0,28.0,30.0,20.0,19.0,17.0,20.0,16.0,25.0,25.0,19.0,10.0,13.0,13.0,12.0,11.0,8.0,6.0,9.0,7.0,15.0,7.0,11.0,8.0,8.0,4.0,3.0,8.0,5.0,4.0,2.0,3.0,3.0,3.0
La Reina,13.0,12.0,21.0,26.0,32.0,35.0,39.0,39.0,45.0,34.0,38.0,45.0,36.0,32.0,26.0,24.0,20.0,47.0,30.0,11.0,5.0,8.0,11.0,10.0,8.0,8.0,6.0,5.0,4.0,13.0,5.0,3.0,5.0,7.0,2.0,6.0,2.0,3.0,1.0,4.0,3.0,6.0,4.0,11.0,5.0,4.0,7.0,6.0,5.0,4.0,6.0,8.0,6.0,5.0,6.0,5.0,4.0
La Serena,,1.0,,,,1.0,1.0,4.0,,,1.0,2.0,3.0,,,,2.0,1.0,1.0,2.0,2.0,1.0,,,,1.0,2.0,1.0,,1.0,1.0,2.0,1.0,,,1.0,,,,,,,,,,,1.0,,,,,,1.0,1.0,1.0,1.0,2.0
La Unión,,,,,,,,,,,,1.0,,,,,,,,,,,2.0,,,,,,,,,,,,,,,,,,,,,,,,,,,,,,,,,,
Laja,,,,,,1.0,1.0,,,,,,,,,,,,,,,,,,,,,,,,,,,,,,,,,,,,,,,,,,,,,,,,,,
Lampa,17.0,11.0,23.0,23.0,52.0,38.0,46.0,47.0,38.0,44.0,43.0,46.0,47.0,44.0,37.0,44.0,49.0,77.0,67.0,28.0,21.0,14.0,20.0,26.0,18.0,15.0,11.0,9.0,13.0,20.0,19.0,16.0,17.0,9.0,14.0,11.0,11.0,16.0,11.0,8.0,13.0,10.0,10.0,14.0,9.0,9.0,5.0,8.0,8.0,8.0,4.0,6.0,10.0,6.0,6.0,4.0,3.0
Lanco,1.0,,1.0,,,,,,,,,,,,,,,,,,,,,,,,,,,,,,,,,,,,1.0,,,,,,,,,,,,,,,1.0,1.0,,
Las Cabras,,,,,,,,,,,,,,,,,,,,,,1.0,,,,,,,,,,,,,,,,,,,,,,,,,,,,,,,,,,,
Las Condes,65.0,68.0,97.0,123.0,136.0,166.0,128.0,116.0,146.0,134.0,133.0,136.0,121.0,103.0,94.0,99.0,95.0,192.0,151.0,71.0,53.0,45.0,52.0,54.0,44.0,41.0,37.0,30.0,25.0,38.0,34.0,33.0,35.0,33.0,27.0,25.0,25.0,25.0,18.0,21.0,33.0,28.0,26.0,39.0,16.0,22.0,32.0,23.0,19.0,24.0,27.0,34.0,42.0,41.0,43.0,54.0,42.0
Lautaro,,,,,,,,,,,,,,,,,,,,,,1.0,,,,,,,,,,,,,,,,,,,,,,,,,,,,,,,,,,,
Lebu,,,,1.0,,,,,,,,,,,,,,1.0,,,,,,,1.0,,,,,,,,,,,,,,,,,,,,,,,,,,,,,,,,
Licantén,,,,,,,,,,,,,,,,,,,,,,,,1.0,,,,,,,,,,,,,,,,,,,,,,,,,,,,,,,,,
Limache,,1.0,1.0,2.0,,,,1.0,,,,,,1.0,1.0,,,,,,,,,,,,,,,,,,,1.0,1.0,,1.0,,,,,,,,,,,,2.0,,,1.0,,,2.0,1.0,
Linares,1.0,,1.0,,,,,,,1.0,,,,1.0,1.0,1.0,1.0,3.0,2.0,1.0,1.0,1.0,1.0,,,,,,,,1.0,,,,,,,,,,,,,,,,,,,,,,,,,,
Litueche,,,,,,,,,,,,1.0,,,,,,,,,,,,,,,,,,,,,,,,,,,,,,,,,,,,,,,1.0,,,,,,
Llaillay,,,1.0,,,,,,,2.0,1.0,,,1.0,1.0,1.0,1.0,1.0,1.0,1.0,2.0,,,,,,,,,,,1.0,,1.0,1.0,,,,,,,,,,,1.0,,,,,,,1.0,,,,
Llanquihue,,,,,,1.0,,,,,,,,,,,,,,,,,,,,,,,,,,,,,,,,,,1.0,1.0,1.0,1.0,1.0,1.0,1.0,1.0,1.0,1.0,,,,,,,,
Lo Barnechea,22.0,28.0,25.0,28.0,47.0,59.0,49.0,60.0,53.0,45.0,41.0,44.0,39.0,33.0,35.0,32.0,30.0,52.0,45.0,31.0,24.0,19.0,22.0,23.0,22.0,12.0,4.0,5.0,4.0,18.0,9.0,8.0,9.0,7.0,6.0,8.0,6.0,11.0,10.0,11.0,8.0,7.0,11.0,10.0,5.0,8.0,11.0,6.0,6.0,9.0,13.0,14.0,10.0,13.0,19.0,12.0,21.0
Lo Espejo,15.0,23.0,17.0,42.0,40.0,34.0,39.0,46.0,34.0,42.0,39.0,43.0,44.0,43.0,46.0,39.0,30.0,62.0,49.0,19.0,12.0,11.0,13.0,11.0,11.0,9.0,6.0,5.0,7.0,11.0,13.0,16.0,12.0,9.0,8.0,7.0,11.0,9.0,8.0,11.0,12.0,11.0,9.0,10.0,8.0,5.0,4.0,6.0,5.0,5.0,5.0,4.0,5.0,2.0,1.0,1.0,1.0
Lo Prado,17.0,19.0,39.0,24.0,22.0,13.0,12.0,24.0,20.0,17.0,14.0,22.0,22.0,18.0,13.0,14.0,19.0,19.0,20.0,7.0,4.0,9.0,5.0,3.0,7.0,4.0,7.0,8.0,7.0,7.0,4.0,2.0,6.0,5.0,6.0,4.0,11.0,12.0,13.0,9.0,11.0,6.0,7.0,9.0,7.0,7.0,8.0,3.0,4.0,9.0,4.0,7.0,7.0,6.0,9.0,12.0,7.0
Lolol,,,,,,,,,,,,,,,,,1.0,,,,,,,,,,,,,,,,,,,,,1.0,,,,,,,,,,,,,,,,,1.0,,
Longaví,,,,,,,,,,,,,1.0,,,,,,1.0,,,,,,,,,,,,,,,,1.0,,,,,1.0,,,,,,,,,,,,,,,,,
Lonquimay,,,,,,,,,,,,,,,,,,,,,,,,,,3.0,,,,,,,,,,,,1.0,,,,,,,,1.0,,,,,,,,,,,
Los Andes,,,,1.0,2.0,,2.0,1.0,1.0,3.0,4.0,3.0,3.0,2.0,2.0,2.0,4.0,5.0,3.0,1.0,1.0,1.0,1.0,,,,,,,,,,,,1.0,2.0,,,,,,,,,,,,,,,,,,,,,
Los Vilos,,,,,1.0,1.0,,,1.0,1.0,,1.0,2.0,1.0,1.0,,1.0,2.0,,,,,1.0,1.0,,,,,,,,,,,,,,,,,,,,1.0,,,,1.0,,,,,,1.0,,,
Los Álamos,,,,,,,,,,,,,1.0,,,,1.0,1.0,,,,,,,,,,,,,,,,,,,,,,,,,,,,,,,,,,,,,,,
Los Ángeles,1.0,,,,,,,,,,,,,1.0,2.0,1.0,1.0,1.0,,1.0,,,2.0,3.0,,,,,,1.0,1.0,,,,1.0,,,,,,,1.0,1.0,,,,,,,,,,1.0,,,,
Lota,,,,,,,1.0,,,,,,,,,,,,,,,,,,,,,,,,1.0,2.0,,,,,,,1.0,,,,,,1.0,,1.0,,,,,,,2.0,,,
Machalí,,,,,,1.0,,,,,,,1.0,,,,,1.0,,,,,1.0,,,,,,,,,,,,,,,,,,,,,,,,,,,,,1.0,1.0,,1.0,,
Macul,33.0,32.0,48.0,57.0,64.0,60.0,44.0,47.0,56.0,54.0,40.0,40.0,41.0,34.0,36.0,25.0,29.0,64.0,49.0,22.0,16.0,15.0,21.0,23.0,17.0,13.0,11.0,15.0,10.0,14.0,15.0,14.0,14.0,10.0,10.0,6.0,7.0,6.0,6.0,8.0,6.0,10.0,7.0,6.0,5.0,13.0,9.0,16.0,9.0,13.0,10.0,6.0,9.0,10.0,11.0,10.0,7.0
Maipú,145.0,109.0,158.0,185.0,199.0,202.0,159.0,172.0,228.0,189.0,188.0,228.0,193.0,183.0,202.0,203.0,180.0,343.0,319.0,126.0,111.0,106.0,122.0,113.0,120.0,106.0,87.0,68.0,67.0,79.0,73.0,71.0,75.0,74.0,61.0,50.0,55.0,55.0,56.0,40.0,44.0,41.0,23.0,44.0,30.0,39.0,36.0,31.0,26.0,32.0,21.0,26.0,25.0,30.0,39.0,37.0,24.0
Maria Pinto,9.0,9.0,5.0,9.0,17.0,16.0,26.0,26.0,25.0,17.0,15.0,9.0,4.0,8.0,8.0,5.0,3.0,5.0,3.0,4.0,5.0,2.0,3.0,4.0,8.0,7.0,6.0,2.0,1.0,,1.0,,1.0,2.0,,,4.0,2.0,4.0,4.0,3.0,3.0,3.0,1.0,1.0,2.0,2.0,1.0,1.0,2.0,2.0,,,1.0,3.0,2.0,1.0
Mariquina,,,,,1.0,,,,,,,,,,1.0,,,1.0,1.0,,,,,,,,,,,,1.0,,,,,,,,,,,,,,,,,,,,,,,,,,
Maullín,,,,,,,,,,,,,,,,,,,,,,,,,,1.0,,,,,,,,,,,,,,,,,,,,,,,,,1.0,,,,,,
Mejillones,,,,,,,,,,,,,,,,,,1.0,,1.0,,,,,,,,,,,,,,,,,,,,,,,,,,,,,,,,,,,,,
Melipilla,26.0,29.0,48.0,39.0,44.0,46.0,48.0,48.0,39.0,44.0,48.0,44.0,37.0,37.0,35.0,39.0,37.0,52.0,47.0,27.0,23.0,19.0,30.0,22.0,26.0,23.0,26.0,17.0,15.0,21.0,22.0,16.0,20.0,21.0,8.0,6.0,12.0,8.0,5.0,13.0,10.0,7.0,9.0,14.0,14.0,16.0,15.0,16.0,9.0,10.0,9.0,8.0,9.0,2.0,12.0,9.0,6.0
Molina,1.0,,,,,,,,,2.0,,,,1.0,1.0,1.0,1.0,1.0,1.0,,,,,,,,,,,,,,,,,,,,,,,,,,,,,,,,,,,,,,
Monte Patria,,,,,,1.0,,,,,,,,,,,,,,,,,,,,,,,,,,,,,,,,,,,,,,,,,,,,,,,,,,,
Mostazal,,,,,1.0,,,,,,,,,,,1.0,,,,,,,,,,,,,,,,,,,,,,,,,,,,,,,,,,,,,,,,,
Mulchén,,,,,,,,,,,,,,,,1.0,,,,,,,,,,,,,,,,1.0,,,,,,,,,,,,,,,,,,,,,,,,,
Nancagua,,,,,,,,,,,,,,,,,1.0,,,,,1.0,1.0,,,,,,,,,,1.0,1.0,,,,,,,,,,,,,,,,,,,,,,,
Natales,,,,,,,1.0,1.0,,,,,,,,,,,,,,,,,,,,,,,,,,,,,,,,,,,,,,,,,,,,,,1.0,,,
Navidad,,,,,,,,,,,,,,,,,,,,1.0,,,,,1.0,1.0,,,,3.0,1.0,1.0,,,,,,,,,,,,,,,,,,,,,,,,,
Nogales,,,,,,,,,,,,,,,,,1.0,,,,,,,1.0,1.0,,,,,1.0,,,,1.0,1.0,,,,,,,,,,,,,,,,,,,,,,
Nueva Imperial,,,,,,,,,,,,,,,,1.0,,,,,,,,,,,,,,,,,,,,,,1.0,,,1.0,,,,,,,,,,,,,,,,
Olmué,,,,,,,,,,1.0,,1.0,,,,,,1.0,1.0,1.0,,,,,,,,,,,,,,,,,,,,,1.0,,,,,,,,,,,,,,1.0,1.0,
Osorno,,,,,,,,,1.0,1.0,1.0,1.0,2.0,3.0,3.0,5.0,2.0,,6.0,7.0,10.0,7.0,9.0,5.0,4.0,1.0,10.0,1.0,8.0,4.0,2.0,8.0,6.0,7.0,3.0,1.0,6.0,2.0,5.0,3.0,3.0,4.0,4.0,1.0,2.0,,,1.0,1.0,1.0,,,,,,,1.0
Ovalle,,,,,,,,,,,,,,,,,,,,,,,,,,,1.0,,,,,,1.0,,,,,,,,,,,,,,,,,,,,,,,,
Padre Hurtado,43.0,28.0,27.0,21.0,22.0,35.0,29.0,30.0,30.0,57.0,45.0,52.0,43.0,43.0,45.0,29.0,26.0,51.0,42.0,20.0,20.0,23.0,19.0,18.0,17.0,12.0,12.0,9.0,9.0,7.0,8.0,12.0,9.0,7.0,6.0,8.0,4.0,4.0,4.0,12.0,6.0,10.0,6.0,5.0,4.0,11.0,7.0,6.0,4.0,2.0,4.0,2.0,3.0,3.0,4.0,3.0,1.0
Padre Las Casas,,,,,,,,,,1.0,,,,,,,,,,,,,,,,,,,,,,,,,,,,,,,,,,,,,,,,,,,,,,,
Paiguano,,,,,,,,,,1.0,,,,,,,,,,,,,,,,,,,,,,,,,,,,,,,,,,,,,,,,,,,,,,,
Paillaco,,,,,,,,,,,,,,,,,,,,,,,,,1.0,,,,,,,,,,,,,,,,,,,,,,,,,,,,,,1.0,1.0,1.0
Paine,17.0,17.0,20.0,34.0,25.0,25.0,15.0,19.0,27.0,34.0,21.0,30.0,23.0,28.0,28.0,26.0,26.0,31.0,26.0,15.0,8.0,10.0,13.0,15.0,13.0,8.0,9.0,9.0,6.0,6.0,6.0,8.0,8.0,7.0,8.0,11.0,7.0,10.0,9.0,6.0,7.0,12.0,5.0,6.0,9.0,9.0,9.0,8.0,4.0,4.0,5.0,4.0,8.0,8.0,11.0,11.0,10.0
Palmilla,,,,,,,,,,,1.0,,,,,,,,,,,,,,,,,,,,,,,,,,,,,,,,,,,,,,,,,,,,,,
Panguipulli,,,,,,,,,,,,,1.0,,,1.0,,,1.0,1.0,1.0,1.0,,,,,,,,,,,,,,,,,,,,,,,,,,,,,,,,,,,
Paredones,1.0,,,,,,,,,,1.0,,,,,,,,,,,,,,,,,,,,,,,,,,,,,,,,,,,,,,,,,,,,,,
Parral,,,,1.0,,2.0,1.0,1.0,4.0,1.0,1.0,1.0,1.0,1.0,1.0,2.0,2.0,1.0,1.0,,,,,,,,,,,,,,,,,,,,,,,,,,,,,,,,,,,,,,
Pedro Aguirre Cerda,26.0,22.0,37.0,39.0,37.0,45.0,29.0,33.0,36.0,40.0,49.0,52.0,50.0,50.0,55.0,41.0,61.0,83.0,70.0,29.0,28.0,26.0,26.0,24.0,25.0,34.0,22.0,25.0,17.0,13.0,20.0,19.0,18.0,12.0,10.0,7.0,9.0,10.0,7.0,3.0,4.0,5.0,6.0,3.0,5.0,5.0,6.0,6.0,3.0,3.0,2.0,7.0,6.0,5.0,10.0,8.0,9.0
Pelarco,,,,,,,,,,,1.0,1.0,,,,,,,,,,,,,,,,,,,,,,,,,,,,,,,,,,,,,,,,,,,,,
Pelluhue,,,,,,,,1.0,,,,,,,,,,,,,,,,,,,,,,,,,,,,,,,,,,,,,,,,,,,,,,,,,
Penco,,,,,,,,,,,,,,,,,,,,,,,,,,1.0,,,,,,,,,,,,,,,,,,,,,,,,,,,,,,,
Peralillo,,,,,,,,,,,,,,,,,,,,,,,,,1.0,1.0,1.0,,,,,,,,,,,,,,,,,,,,,,,,,,,,,,
Peumo,,,,,,,,,,,,,,,,,1.0,,,,,,,,,,,,,,,,,,,,,,,,,,,,,,,,,,,,,,,,
Peñaflor,10.0,14.0,21.0,25.0,19.0,17.0,20.0,15.0,21.0,31.0,27.0,22.0,19.0,25.0,15.0,11.0,20.0,47.0,36.0,19.0,15.0,8.0,10.0,8.0,16.0,15.0,15.0,11.0,9.0,6.0,12.0,6.0,9.0,12.0,7.0,6.0,12.0,10.0,12.0,10.0,12.0,11.0,8.0,6.0,6.0,7.0,10.0,5.0,3.0,5.0,2.0,3.0,5.0,7.0,5.0,3.0,1.0
Peñalolén,65.0,50.0,75.0,64.0,86.0,90.0,72.0,70.0,94.0,107.0,89.0,94.0,77.0,79.0,69.0,65.0,79.0,135.0,112.0,59.0,48.0,46.0,50.0,47.0,46.0,43.0,45.0,30.0,27.0,29.0,34.0,35.0,39.0,33.0,26.0,23.0,17.0,15.0,18.0,16.0,20.0,10.0,13.0,16.0,13.0,11.0,9.0,6.0,9.0,9.0,16.0,25.0,19.0,12.0,18.0,20.0,7.0
Pichidegua,,,1.0,1.0,1.0,,,,,,,1.0,1.0,1.0,1.0,1.0,1.0,,,,,,,,,,,,,,,,,,,,,,,,,,,,,,,,,,,,,,,,
Pichilemu,2.0,1.0,,3.0,1.0,,,,,,2.0,2.0,,2.0,4.0,2.0,,,,1.0,,1.0,,,,,,,1.0,,,,1.0,,,,,,,,,,,,,,,2.0,2.0,1.0,1.0,1.0,1.0,,,,
Pirque,4.0,9.0,8.0,11.0,19.0,10.0,9.0,7.0,10.0,11.0,15.0,18.0,14.0,13.0,12.0,8.0,10.0,32.0,22.0,17.0,15.0,12.0,9.0,12.0,13.0,7.0,8.0,6.0,2.0,1.0,2.0,6.0,3.0,9.0,2.0,15.0,6.0,9.0,6.0,13.0,11.0,4.0,2.0,1.0,2.0,2.0,1.0,,1.0,2.0,1.0,3.0,2.0,2.0,5.0,2.0,2.0
Pozo Almonte,,,,,,,,,,,,,1.0,,,,,,,,,,,,1.0,1.0,,,,,,,,,,,,,,,,,,,,,,,,,,,,,,,
Providencia,40.0,35.0,50.0,68.0,78.0,71.0,66.0,64.0,75.0,61.0,50.0,75.0,65.0,54.0,46.0,58.0,50.0,112.0,85.0,42.0,30.0,28.0,35.0,31.0,27.0,24.0,24.0,16.0,9.0,20.0,20.0,18.0,29.0,30.0,18.0,14.0,17.0,21.0,18.0,14.0,17.0,17.0,17.0,19.0,19.0,20.0,18.0,12.0,11.0,12.0,13.0,19.0,25.0,26.0,24.0,21.0,23.0
Puchuncaví,,,,1.0,4.0,2.0,2.0,2.0,1.0,3.0,2.0,5.0,2.0,3.0,3.0,3.0,2.0,2.0,2.0,,,1.0,,2.0,2.0,,,,,,,,,,,,1.0,1.0,1.0,,,,,,,,,,,,,,,,,,
Pucón,,,,,,,,,,,,,1.0,1.0,1.0,1.0,1.0,1.0,1.0,1.0,,,,1.0,1.0,1.0,1.0,1.0,,,,,,,,,,,,,,,,,,,,,,,,,,,,,
Pudahuel,57.0,40.0,64.0,77.0,76.0,87.0,63.0,60.0,73.0,74.0,81.0,77.0,71.0,85.0,82.0,74.0,70.0,99.0,70.0,34.0,35.0,36.0,40.0,31.0,35.0,34.0,24.0,27.0,33.0,18.0,24.0,15.0,17.0,28.0,15.0,11.0,20.0,15.0,11.0,10.0,7.0,5.0,9.0,8.0,6.0,24.0,11.0,7.0,10.0,7.0,11.0,11.0,8.0,5.0,7.0,10.0,5.0
Puente Alto,131.0,164.0,194.0,205.0,256.0,264.0,222.0,237.0,258.0,250.0,275.0,250.0,258.0,215.0,213.0,202.0,171.0,330.0,263.0,99.0,97.0,93.0,104.0,132.0,121.0,101.0,100.0,64.0,75.0,91.0,86.0,84.0,94.0,61.0,60.0,55.0,64.0,57.0,51.0,54.0,46.0,41.0,30.0,39.0,39.0,37.0,41.0,32.0,30.0,25.0,25.0,38.0,38.0,27.0,37.0,41.0,21.0
Puerto Montt,1.0,,2.0,2.0,1.0,,,,1.0,2.0,2.0,1.0,1.0,3.0,4.0,1.0,1.0,2.0,1.0,2.0,1.0,1.0,3.0,3.0,2.0,1.0,,1.0,1.0,1.0,2.0,,1.0,,1.0,10.0,4.0,6.0,6.0,6.0,5.0,8.0,8.0,6.0,1.0,5.0,,1.0,3.0,2.0,1.0,,1.0,,,1.0,1.0
Puerto Octay,,,,,,,,,,,,,,,,,,,,,,,,,1.0,,,,1.0,,,,,,,,,,,,,,,,,,,,,,,,,,,,
Puerto Varas,,,,,,,,,,,1.0,,1.0,1.0,,,,,,,,,,,,1.0,,,1.0,,1.0,,,1.0,,,,,,,,,1.0,,,,,,,,,,,,,2.0,
Pumanque,,,,,,,,,,,,,,,,,,,,,1.0,1.0,,,,,,,,,,,,,,,,,,,,,,,,,,,,,,,,,,,
Punta Arenas,,,,,1.0,1.0,,,2.0,1.0,1.0,1.0,1.0,1.0,1.0,1.0,1.0,,1.0,1.0,1.0,1.0,1.0,1.0,1.0,1.0,,,1.0,,,,1.0,1.0,,,,,1.0,,,,,1.0,,,,,,,,,,,,1.0,
Purén,,,,1.0,1.0,1.0,1.0,1.0,,,,,,,,,,,,,,,,,,,,,,,,,,,,,,,,,,,,1.0,,,,,,,,,,,,,
Puyehue,,,,,,,,,,,,,,,,,,1.0,,,2.0,1.0,,,,,,,,,,,,,,,,,,,,,1.0,1.0,1.0,,,,,,,,,,,,
Quellón,,,,,1.0,,,,,,,,,,,,,,,,,,,,,,,,,,,,,,,,,,,,,,,,,,,,,,,,1.0,,,,
Quilaco,,,,,,,,,,,,,,,,,,,,1.0,1.0,1.0,1.0,1.0,,,,,,,,,,,,,,,,,,,,,,,,,,,,,,,,,
Quilicura,52.0,51.0,60.0,63.0,74.0,82.0,76.0,87.0,86.0,89.0,103.0,109.0,115.0,110.0,105.0,86.0,104.0,154.0,140.0,59.0,43.0,23.0,36.0,30.0,34.0,50.0,34.0,29.0,31.0,38.0,36.0,33.0,25.0,22.0,21.0,21.0,27.0,26.0,20.0,24.0,29.0,28.0,21.0,18.0,15.0,24.0,11.0,16.0,12.0,13.0,13.0,15.0,19.0,23.0,22.0,21.0,18.0
Quillota,,,,,1.0,,,,,,,,,,,,,,1.0,1.0,1.0,1.0,,,,,,1.0,1.0,,,,,1.0,,,,,,,,,,,,,,1.0,,,,,1.0,1.0,4.0,2.0,2.0
Quilpue,,,,,,,,,1.0,,,1.0,2.0,,,,,1.0,2.0,2.0,1.0,,,,1.0,,1.0,1.0,1.0,,,,1.0,,1.0,,2.0,2.0,,1.0,,,,,,,1.0,,,1.0,,1.0,,,,1.0,3.0
Quinta Normal,51.0,36.0,47.0,59.0,53.0,36.0,46.0,47.0,54.0,61.0,72.0,65.0,69.0,54.0,48.0,42.0,48.0,94.0,68.0,37.0,28.0,28.0,27.0,38.0,23.0,22.0,22.0,21.0,18.0,21.0,31.0,21.0,27.0,17.0,16.0,17.0,8.0,10.0,12.0,7.0,6.0,10.0,12.0,12.0,13.0,9.0,9.0,7.0,5.0,8.0,10.0,8.0,3.0,11.0,13.0,11.0,9.0
Quintero,4.0,3.0,1.0,,,1.0,1.0,3.0,2.0,1.0,2.0,,,,1.0,3.0,,,,2.0,,1.0,2.0,1.0,1.0,1.0,2.0,1.0,,,,,,,,,,,,,,,,,,,,,,,,1.0,,,,,
Rancagua,,1.0,,1.0,1.0,1.0,,,1.0,3.0,,1.0,1.0,,,1.0,2.0,3.0,4.0,,,,,1.0,2.0,3.0,4.0,3.0,3.0,2.0,2.0,1.0,1.0,1.0,,,,,,,,,,,,,,,,,,,,1.0,,1.0,
Rauco,,,,,,,,,,1.0,,,,,,,,,,,,,,,,,,,,,,,,,,,,,,,,,,,,,,,,,,,,,,,
Recoleta,38.0,31.0,56.0,51.0,58.0,46.0,44.0,61.0,41.0,48.0,53.0,58.0,57.0,44.0,55.0,56.0,61.0,113.0,103.0,29.0,22.0,21.0,37.0,37.0,41.0,43.0,34.0,34.0,31.0,39.0,33.0,34.0,40.0,26.0,22.0,29.0,22.0,23.0,27.0,31.0,27.0,24.0,18.0,21.0,20.0,18.0,14.0,16.0,13.0,12.0,16.0,17.0,12.0,7.0,13.0,8.0,4.0
Renca,20.0,19.0,25.0,43.0,34.0,42.0,30.0,26.0,37.0,38.0,34.0,22.0,24.0,14.0,19.0,15.0,16.0,58.0,59.0,24.0,9.0,8.0,5.0,11.0,19.0,9.0,8.0,5.0,9.0,16.0,16.0,7.0,9.0,6.0,3.0,3.0,12.0,10.0,8.0,4.0,6.0,5.0,5.0,5.0,2.0,6.0,3.0,4.0,4.0,6.0,3.0,3.0,4.0,2.0,,,1.0
Rengo,,,,,,,,,,,,,,,,,,,,,,,,1.0,1.0,,,,,,,,,1.0,,,,,,,,,,,,,,,,,,,,,,,
Requínoa,,,,,,,,,,,,,,,,1.0,1.0,,,,,,,,,,,,,,,,,,,,,,,,,,,,,,,,,,,,,,,,
Retiro,,,,,,,,,,,,,,3.0,2.0,2.0,2.0,2.0,1.0,1.0,,,,,,,,,,,,,,,,,,,,,,,,,,,,,,,,,,,,,
Romeral,,,,,,,,,,,,,,,,,,,,,,,,1.0,,,,,,,,,,,,,,,,,,,,,,,,,,,,,,,,,
Río Claro,,,1.0,,,,,1.0,1.0,,,,,,,,,,,,1.0,1.0,,,,,,,,,,,,,,,,,,,,,,,,,,,,,,,,,,1.0,1.0
Río Negro,,,,,,,,,,,,,,,,,,,,,,,,1.0,,,,,,,,,,,,,,,,,,,,,,,,,,,,,,,,,
Sagrada Familia,,,,,,,,,,,,,,,,,,,,,,,,,,1.0,1.0,1.0,,,,,,,,,,,,,,,,,,,,,,,,,,,,,
Salamanca,,,1.0,,,,,,1.0,,,,,,,,1.0,,,,,,,,,,,,,,,1.0,,,,,,,1.0,1.0,,,,,,,,,,,,,,,,,
San Antonio,3.0,1.0,,,,3.0,2.0,1.0,3.0,4.0,4.0,9.0,5.0,4.0,2.0,4.0,4.0,4.0,4.0,2.0,2.0,2.0,5.0,3.0,3.0,2.0,2.0,1.0,1.0,1.0,,1.0,1.0,,,,,,,,2.0,,,,1.0,,,1.0,,,,,,,,,
San Bernardo,38.0,38.0,73.0,72.0,88.0,105.0,80.0,73.0,99.0,117.0,110.0,123.0,88.0,88.0,90.0,104.0,106.0,183.0,154.0,60.0,57.0,58.0,66.0,61.0,68.0,59.0,54.0,37.0,35.0,35.0,36.0,38.0,49.0,32.0,26.0,23.0,27.0,28.0,23.0,14.0,11.0,14.0,13.0,15.0,14.0,21.0,17.0,20.0,14.0,12.0,15.0,16.0,11.0,9.0,9.0,6.0,8.0
San Clemente,,1.0,,,,,1.0,1.0,1.0,,,1.0,,,,,,,,,1.0,,,,,,,,,,,,,,,,,,,,,,,,,,,,,,,,,,,,
San Esteban,,,,,,,1.0,,,,,,,,,,,,,,,,,,,,,,,,,,,,,,,,,,,,,,,,,,,,,,,,,,
San Felipe,,,1.0,1.0,,1.0,,,,,,,,,,,,,,,,,,,,,,,,,,,,,,,,,1.0,1.0,,,,,,,,,,,,,1.0,,,,
San Fernando,,,,,,1.0,1.0,,1.0,,,,,,1.0,,,1.0,,,,,,,,,,,,,,,,,,,,,,,,,,,,1.0,,1.0,,,,,,,,,
San Ignacio,,,,,,,,,,,,,,,,,,,,,1.0,1.0,,,,,,,,,,,,,,,,,,,,,,,,,,,,,,,,,,,
San Joaquín,25.0,29.0,23.0,21.0,27.0,45.0,34.0,39.0,40.0,30.0,28.0,30.0,26.0,24.0,29.0,25.0,19.0,41.0,39.0,14.0,8.0,5.0,8.0,9.0,12.0,10.0,12.0,17.0,11.0,14.0,11.0,6.0,7.0,9.0,7.0,5.0,8.0,8.0,5.0,3.0,6.0,2.0,3.0,6.0,4.0,2.0,2.0,4.0,3.0,2.0,3.0,4.0,4.0,6.0,9.0,5.0,3.0
San José de Maipo,1.0,1.0,7.0,6.0,9.0,16.0,12.0,8.0,6.0,5.0,6.0,8.0,3.0,1.0,3.0,4.0,3.0,5.0,3.0,,,,2.0,5.0,5.0,3.0,2.0,2.0,2.0,3.0,3.0,2.0,3.0,3.0,3.0,3.0,3.0,3.0,2.0,1.0,1.0,,1.0,,,1.0,,,1.0,,,,,2.0,3.0,,
San Miguel,32.0,37.0,60.0,59.0,60.0,81.0,76.0,64.0,70.0,80.0,82.0,74.0,66.0,55.0,47.0,38.0,51.0,100.0,77.0,36.0,27.0,28.0,36.0,37.0,42.0,30.0,27.0,26.0,16.0,16.0,28.0,19.0,14.0,13.0,6.0,5.0,9.0,11.0,10.0,6.0,8.0,11.0,8.0,6.0,5.0,4.0,8.0,8.0,9.0,10.0,6.0,7.0,8.0,6.0,11.0,7.0,6.0
San Pablo,,,,,1.0,1.0,1.0,1.0,,,,,,,,,,,,,,,,,,,,,,,,1.0,1.0,1.0,1.0,1.0,1.0,1.0,1.0,,,,,,,,,,,,,,,,,,
San Pedro,7.0,6.0,8.0,6.0,6.0,5.0,5.0,3.0,8.0,10.0,5.0,4.0,2.0,2.0,2.0,1.0,4.0,2.0,2.0,2.0,2.0,2.0,4.0,4.0,6.0,5.0,7.0,6.0,5.0,3.0,1.0,1.0,3.0,4.0,3.0,3.0,3.0,5.0,3.0,1.0,2.0,2.0,2.0,1.0,2.0,,1.0,1.0,1.0,1.0,1.0,2.0,2.0,2.0,1.0,1.0,
San Pedro de Atacama,,1.0,1.0,1.0,1.0,1.0,1.0,1.0,1.0,,,,,,,,,,,,,,,,,,,,,,,,,,,,,,,,,,,,,,,,,,,,,,,,
San Pedro de la Paz,,,,,1.0,,,2.0,1.0,,1.0,,,,,1.0,,1.0,,,,,,,,,,,,,1.0,,,,,,1.0,,,,,,,2.0,,,,,,1.0,1.0,,1.0,1.0,1.0,,1.0
San Ramón,15.0,10.0,23.0,22.0,23.0,23.0,12.0,16.0,27.0,17.0,26.0,24.0,22.0,17.0,17.0,21.0,23.0,50.0,41.0,7.0,8.0,8.0,9.0,14.0,13.0,15.0,9.0,7.0,4.0,3.0,6.0,12.0,9.0,12.0,9.0,8.0,5.0,5.0,6.0,5.0,8.0,4.0,3.0,5.0,5.0,6.0,2.0,5.0,4.0,2.0,5.0,8.0,4.0,2.0,9.0,6.0,3.0
San Vicente,,,,,,1.0,1.0,1.0,1.0,1.0,1.0,,,,,,,,,,,,,,,,,,,,,,,,,1.0,,,,,,,,,,,,,,,,,1.0,,,,
Santiago,157.0,144.0,155.0,200.0,217.0,245.0,203.0,174.0,215.0,204.0,239.0,227.0,215.0,193.0,196.0,207.0,215.0,434.0,322.0,150.0,135.0,121.0,152.0,148.0,141.0,140.0,138.0,84.0,72.0,140.0,119.0,104.0,99.0,83.0,56.0,49.0,68.0,62.0,47.0,64.0,72.0,76.0,76.0,97.0,84.0,99.0,105.0,75.0,68.0,70.0,74.0,92.0,69.0,75.0,76.0,76.0,71.0
Sin Datos,8.0,8.0,9.0,8.0,8.0,18.0,16.0,13.0,13.0,14.0,17.0,14.0,21.0,14.0,13.0,9.0,10.0,18.0,17.0,7.0,10.0,11.0,8.0,9.0,13.0,8.0,5.0,7.0,7.0,5.0,3.0,2.0,3.0,7.0,8.0,6.0,5.0,7.0,4.0,4.0,4.0,4.0,3.0,3.0,2.0,5.0,7.0,6.0,6.0,6.0,5.0,2.0,2.0,5.0,4.0,3.0,3.0
Talagante,19.0,21.0,31.0,29.0,37.0,42.0,40.0,37.0,38.0,37.0,33.0,28.0,21.0,23.0,24.0,23.0,20.0,50.0,42.0,18.0,19.0,15.0,13.0,14.0,22.0,16.0,15.0,7.0,7.0,8.0,9.0,10.0,9.0,14.0,4.0,3.0,8.0,4.0,3.0,6.0,4.0,2.0,3.0,1.0,1.0,7.0,4.0,3.0,1.0,1.0,5.0,6.0,4.0,5.0,8.0,7.0,4.0
Talca,,1.0,,3.0,2.0,,2.0,1.0,,,1.0,,,,,,,1.0,1.0,,1.0,1.0,,,,,1.0,,,,,,,,,,,,1.0,,,,1.0,,,,,,1.0,,2.0,,,,,1.0,
Talcahuano,,1.0,,,1.0,,,,,1.0,,,,,,2.0,1.0,1.0,1.0,2.0,2.0,2.0,2.0,1.0,1.0,,,,,,,,,,,,,,,,,1.0,,,,,,,,,,,,,,1.0,1.0
Taltal,,,,,,,,,,,1.0,1.0,1.0,,,,,,,,,,,,,,,,,,,,,,,,,,,,,,,,,,,,,,,,,,,,
Temuco,,,,,,2.0,4.0,3.0,2.0,2.0,4.0,2.0,2.0,2.0,,,,,,,,,,,,,,,,1.0,1.0,1.0,1.0,1.0,1.0,1.0,1.0,1.0,,,,1.0,,,1.0,1.0,,,2.0,2.0,,,,1.0,,,
Teno,,,,,,,,,,,,,,,,,,3.0,,,,,,,,,,,,,,,,,,,,,,,,,,,,,,,,,,,,,,,
Teodoro Schmidt,1.0,1.0,1.0,,,,,,,,,,,,,,,,,,,,,,,,,,,,,,,,,,,,,,,,,,,,,,,,,,,,,,
Tierra Amarilla,,,,,,,,,,,,,,,,,,,,,,,,,,2.0,1.0,1.0,1.0,,,,,,,,,,,,,,,,,,,,,,,,,,,,
Tiltil,6.0,9.0,7.0,3.0,3.0,4.0,5.0,5.0,9.0,3.0,4.0,3.0,3.0,4.0,5.0,5.0,10.0,15.0,9.0,7.0,6.0,3.0,5.0,4.0,6.0,9.0,6.0,8.0,6.0,7.0,6.0,5.0,3.0,3.0,3.0,,,,2.0,,3.0,5.0,4.0,3.0,2.0,,1.0,3.0,,1.0,1.0,,,,1.0,,2.0
Tocopilla,1.0,,1.0,2.0,2.0,1.0,1.0,1.0,1.0,2.0,1.0,1.0,,,,,,,,1.0,,1.0,1.0,,,,,,,,,,,,,,,1.0,1.0,1.0,1.0,1.0,1.0,1.0,1.0,1.0,1.0,,,,,,,,,,
Tome,,,,,,,,,,,,,,,,,,1.0,,,,,,,,,2.0,1.0,,,,,,,,,,,,,,,1.0,,,,,,,,,,,,,,
Tucapel,,,,1.0,,,,,,1.0,1.0,1.0,2.0,2.0,1.0,1.0,1.0,2.0,2.0,1.0,,,,,,,,,,,,,,,,,,,,,,,,,,,,,,,,,,,,,
Valdivia,,,2.0,,,2.0,,,1.0,,1.0,4.0,1.0,7.0,2.0,2.0,1.0,4.0,1.0,2.0,,,,1.0,2.0,1.0,4.0,1.0,2.0,2.0,1.0,1.0,2.0,,,,,,,1.0,,,,1.0,2.0,1.0,1.0,1.0,,2.0,,1.0,3.0,1.0,1.0,1.0,2.0
Vallenar,,,,,,,,1.0,,,1.0,,,,,,,,,,,,,,1.0,1.0,,,,1.0,,,,,,,,,,,,,,,,,,,,,,,,,,,
Valparaiso,1.0,1.0,,,,3.0,5.0,1.0,4.0,4.0,2.0,7.0,4.0,5.0,5.0,6.0,5.0,6.0,4.0,3.0,2.0,2.0,2.0,1.0,1.0,1.0,1.0,3.0,4.0,2.0,3.0,1.0,3.0,2.0,1.0,4.0,3.0,2.0,1.0,3.0,2.0,1.0,,3.0,4.0,1.0,3.0,3.0,1.0,2.0,,,,1.0,2.0,1.0,2.0
Vichuquén,,,,,1.0,,,,,,,,,,,,,,,1.0,,,,,,,,,,,,,,,,,,,,,,,,,,,,,,,,,,,,,
Victoria,,,,,,,,,,,,,,,,,,,,,,,,1.0,,,,,,,,,,,,,,,,,,,,,,,,,,1.0,,,,,,,
Vicuña,,,,,,,,,,,,,,,,,,,,,,1.0,,,,,,,,,,,,,,,,,,,1.0,,,,,,,,,,,,,,,,
Villa Alegre,,1.0,,,,,,,,,,,,,,,,,,,,,,,,,,,1.0,,,,,,,,,,,,,,,,,,,,,,,,,,,,
Villa Alemana,,,,,1.0,1.0,,,2.0,2.0,2.0,1.0,1.0,1.0,1.0,2.0,1.0,2.0,1.0,1.0,2.0,3.0,,,,,,,,1.0,1.0,,,,,,1.0,1.0,1.0,,,,,,,,,,1.0,,,,1.0,,1.0,1.0,
Villarrica,1.0,,,,,1.0,,,,1.0,1.0,1.0,,1.0,,,,1.0,,,,,,,,,,,,,,,,,,,,1.0,,,,,,,,,,,,,,1.0,,,1.0,1.0,
Vitacura,15.0,25.0,25.0,23.0,36.0,33.0,32.0,32.0,28.0,37.0,30.0,42.0,40.0,28.0,27.0,25.0,29.0,52.0,34.0,21.0,16.0,13.0,17.0,12.0,13.0,11.0,5.0,4.0,7.0,10.0,9.0,11.0,9.0,7.0,6.0,7.0,6.0,10.0,6.0,9.0,9.0,6.0,8.0,14.0,3.0,4.0,7.0,12.0,12.0,12.0,19.0,16.0,16.0,22.0,33.0,22.0,13.0
Viña del Mar,3.0,2.0,2.0,1.0,6.0,4.0,3.0,4.0,8.0,7.0,7.0,4.0,4.0,6.0,4.0,3.0,2.0,5.0,3.0,2.0,3.0,3.0,5.0,4.0,5.0,4.0,2.0,1.0,3.0,1.0,2.0,1.0,2.0,1.0,,1.0,4.0,2.0,1.0,1.0,1.0,,1.0,2.0,1.0,1.0,2.0,2.0,2.0,1.0,1.0,2.0,1.0,2.0,5.0,5.0,2.0
Yerbas Buenas,,,,,1.0,,,,,,,,,,,,,,,,1.0,,,,,,,,,,,,,,,,,,,,,,,,,,,,,,,,,,,,
Zapallar,,,,,,,1.0,1.0,1.0,1.0,1.0,,1.0,1.0,2.0,2.0,1.0,2.0,2.0,1.0,,,,,1.0,1.0,1.0,,,,,,,,,,,,,,,,,,,,,,,,,,,,,,
Ñuñoa,49.0,48.0,74.0,95.0,96.0,104.0,97.0,87.0,91.0,114.0,93.0,89.0,69.0,60.0,56.0,66.0,54.0,125.0,78.0,35.0,26.0,34.0,32.0,25.0,24.0,33.0,22.0,13.0,13.0,14.0,16.0,18.0,18.0,26.0,15.0,13.0,24.0,22.0,16.0,21.0,18.0,8.0,10.0,21.0,12.0,19.0,16.0,15.0,11.0,9.0,14.0,20.0,14.0,14.0,22.0,20.0,16.0
