cont_comuna,prevision,2021-12-01,2021-12-02,2021-12-03,2021-12-04,2021-12-05,2021-12-06,2021-12-07,2021-12-08,2021-12-09,2021-12-10,2021-12-11,2021-12-12,2021-12-13,2021-12-14,2021-12-15,2021-12-16,2021-12-17,2021-12-18,2021-12-19,2021-12-20,2021-12-21,2021-12-22,2021-12-23,2021-12-24,2021-12-25,2021-12-26,2021-12-27,2021-12-28,2021-12-29,2021-12-30,2021-12-31,2022-01-01,2022-01-02,2022-01-03,2022-01-04,2022-01-05,2022-01-06
Aisén,FONASA,,,,,,,,,,,,,,,,,,,,,,1.0,,,,,,,,,,,,,,,
Algarrobo,DESCONOCIDO,,,,,,,,,,,,,,,,,1.0,,,,,,,,,,,,,,,,,1.0,2.0,1.0,1.0
Algarrobo,FONASA,,,,,,,,,,,,,,,,,,,,,,,,,,,,,,1.0,,,,,,,1.0
Algarrobo,NINGUNA,,,,,,,,,,,,,,,,,,,,,,1.0,1.0,,,,,,,1.0,,,,,1.0,1.0,1.0
Alhué,FONASA,5.0,4.0,3.0,2.0,1.0,1.0,1.0,1.0,1.0,,,,,,,,,,,,1.0,1.0,,,,,,,,,,,,,,,
Alhué,ISAPRE,,,,,,,,,,,,,,,,,,,,,,,,,,,,1.0,1.0,1.0,1.0,,,,,,
Alhué,,,,,,,,,,,,,,,,,,,,,,,,,,,,,,1.0,,,,,,,,
Alto Hospicio,DESCONOCIDO,,,,,,,,,,,,,,,,,,,,,,,,1.0,1.0,,,,,,,,1.0,1.0,,,1.0
Alto Hospicio,ISAPRE,,,,,,,,,,,,,,,,,,,1.0,,,,,,,,,,,,,,,,,,
Ancud,ISAPRE,,,,,,,,,,,,,,,,,,,,,,,,,,,,,,1.0,1.0,1.0,1.0,1.0,1.0,1.0,1.0
Andacollo,FONASA,,,,,,1.0,,,,,,,,,,,,,,,,,,,,,,,,,,,,,,,
Angol,DESCONOCIDO,,,,,,1.0,,,,,,,,,,,,,,,,,,,,,,,,,,,,,,,
Angol,FONASA,,,,,,,,1.0,,,,1.0,,,,,,1.0,1.0,1.0,,,,,,,,,,1.0,,,,,,,
Angol,,,,,,,,,,1.0,,,,,,,,,,,,,,,,,,,,,,,,,,,,
Antofagasta,DESCONOCIDO,,,,,,,,1.0,,,2.0,1.0,,,,1.0,,,,,,,,,,,,,,,,,1.0,1.0,,,
Antofagasta,FONASA,2.0,2.0,2.0,1.0,2.0,1.0,1.0,3.0,4.0,2.0,1.0,,,1.0,,,,,,1.0,,,,,1.0,,,,1.0,2.0,,,,,,,
Antofagasta,ISAPRE,,,,,,,,,,,,,,,,,,,,1.0,,,,,,1.0,,,,1.0,,,,,,,
Antofagasta,,,,,,,,,,1.0,,,,,,,,,,,,,,,,,,,,,,,,,,,,
Arica,FONASA,1.0,,,,,,1.0,1.0,1.0,,,,,,1.0,1.0,,,,,,,,,,,,1.0,,,,,,,1.0,4.0,2.0
Arica,,,1.0,,,,,,,,,,,,,,,,,,,,,,,,,,,,,,,,,,,
Buin,CAPREDENA,,1.0,,,,,,,,,,,,,,,,,,,,,,,,,,,,,,,,,,,
Buin,DESCONOCIDO,2.0,3.0,2.0,,,,1.0,2.0,,,,,,1.0,1.0,2.0,1.0,2.0,1.0,1.0,1.0,2.0,3.0,3.0,1.0,1.0,1.0,2.0,2.0,1.0,,1.0,1.0,1.0,1.0,1.0,
Buin,FONASA,19.0,24.0,20.0,13.0,10.0,8.0,11.0,18.0,17.0,8.0,10.0,12.0,10.0,16.0,9.0,8.0,8.0,11.0,9.0,8.0,4.0,7.0,4.0,3.0,5.0,5.0,2.0,6.0,8.0,9.0,10.0,5.0,3.0,2.0,4.0,3.0,3.0
Buin,ISAPRE,1.0,1.0,1.0,,,1.0,1.0,,3.0,1.0,2.0,1.0,1.0,,,,1.0,1.0,1.0,2.0,2.0,11.0,5.0,4.0,3.0,2.0,3.0,8.0,7.0,4.0,5.0,2.0,2.0,2.0,2.0,4.0,2.0
Buin,,,,,,,,,,9.0,,,,,,,,,,,,,,,,,,,,,,,,,,,,
Buin,NINGUNA,,,,,,,,,,,,,,,1.0,1.0,,,,,,,,,,,,,,1.0,,,,,,,
Bulnes,DESCONOCIDO,,1.0,,,,,,,,,,,,,,,,,,,,,,,,,,,,,,,,,,,
Bulnes,FONASA,2.0,2.0,2.0,1.0,1.0,,,,,,,,,,,,,,,,,,,,,,,,,,,,,,,,
Calama,DESCONOCIDO,,,,,,,,,,,,,,,,,,,,,,,,,,,,,,1.0,1.0,1.0,1.0,1.0,,,
Calama,FONASA,,,,,1.0,,,,,1.0,,,,,,1.0,1.0,1.0,1.0,1.0,1.0,1.0,1.0,1.0,1.0,,1.0,,,,,,,,,,
Calama,ISAPRE,,,,,,,,,,,,,,,,,,,,,,,1.0,1.0,1.0,1.0,1.0,1.0,2.0,,,,,,,,
Calbuco,FONASA,2.0,1.0,1.0,1.0,,1.0,,,,,,,,,,,1.0,1.0,1.0,1.0,1.0,,,,,,,,,,,,,,,,
Calbuco,ISAPRE,,,,,,,,,,,,,,,,,3.0,2.0,,,,,,,,,,,,,,,,,,,
Caldera,DESCONOCIDO,,,,,,,,,,,,,,,,,,,,,,,,1.0,,,,,,,,,,,,,
Caldera,FONASA,,,,,,,,,,,,,,,1.0,,,,,,,,,,,,,,,,,,,,,,
Calera,DESCONOCIDO,,,,,,,,1.0,,,,,,,,,,,,,,,,,,,,,,,,,,,,,
Calera,FONASA,,,,,,1.0,,,,1.0,,,,,,,,,,,,,1.0,,,,,,,,,,,,1.0,,
Calera,ISAPRE,,,,,,,,,1.0,,,,,,,,,,,,,,,,,,,,,,,,,,1.0,,
Calera de Tango,DESCONOCIDO,,1.0,3.0,3.0,2.0,2.0,2.0,2.0,2.0,2.0,1.0,1.0,,,,,,,,,,1.0,,,1.0,,,,,,,,,,,,
Calera de Tango,FONASA,4.0,3.0,4.0,2.0,1.0,2.0,2.0,2.0,2.0,1.0,1.0,,,,,1.0,,1.0,1.0,1.0,,,,1.0,2.0,2.0,1.0,,,3.0,2.0,1.0,1.0,1.0,1.0,1.0,1.0
Calera de Tango,ISAPRE,2.0,2.0,1.0,1.0,,,1.0,1.0,1.0,,,,,,,,,,,,,,,1.0,1.0,1.0,2.0,1.0,1.0,2.0,2.0,1.0,1.0,1.0,,,1.0
Calera de Tango,,,,,,,,,,,,,,,,,,,,,,,,,,,,1.0,,,,,,,,,,
Calle Larga,DESCONOCIDO,,,,,,,,,,,,,,,,,,,,,,,,1.0,1.0,,,,,,,,,,,,
Carahue,FONASA,,,,,,,2.0,,,,,,,,,,,,,,,,,,,1.0,,,,,,,,,,,
Cartagena,DESCONOCIDO,1.0,,,,,,,,,,,,,,,,,,,,,,,,,,,,,,,,,,,,
Cartagena,FONASA,2.0,3.0,1.0,1.0,1.0,1.0,1.0,2.0,1.0,1.0,,,,1.0,,,,,,,,,,,1.0,2.0,1.0,,1.0,,1.0,,,,,,
Cartagena,,,,1.0,1.0,1.0,,,,1.0,,,,,,,,,,,,,,,,,,1.0,,,,,,,,,,
Casablanca,DESCONOCIDO,,,,,,,,,,,,,,,,,,,,,,,,,,,1.0,1.0,1.0,1.0,1.0,,,,,,
Casablanca,FONASA,,1.0,,,,,,1.0,,,,,,,,,,,,,,,,,,,,,,,,,,,,,
Casablanca,,,,,,,,,,1.0,,,,,,,,,,,,,,,,,,,,,,,,,,,,
Castro,FONASA,,,,,,,,,,,,,1.0,,,,,,,1.0,,,,,,,,1.0,,,,,,,,,
Catemu,,,,,,,,,,,,,,,,,,,,,,,,,,,,,2.0,,,,,,,,,
Cauquenes,FONASA,,1.0,,,,,,,,,,,,,,,,,,,,,,1.0,,,,,,,,,,,,,
Cañete,DESCONOCIDO,,,,,,,,,,,,,,,,,,,,,,,,,1.0,1.0,,,,,,,,,,,
Cañete,FONASA,,,,,,,,,,1.0,,,,,,,,,,,,,1.0,1.0,1.0,1.0,,,,1.0,,,,,,,
Cerrillos,DESCONOCIDO,3.0,1.0,2.0,2.0,3.0,2.0,3.0,,,,,,,,,1.0,1.0,,,,,,,,,,,1.0,,,,,,,,1.0,1.0
Cerrillos,FONASA,2.0,2.0,4.0,8.0,3.0,5.0,6.0,5.0,4.0,4.0,4.0,2.0,3.0,3.0,1.0,4.0,4.0,4.0,6.0,6.0,4.0,7.0,5.0,3.0,2.0,1.0,2.0,1.0,3.0,3.0,4.0,1.0,1.0,1.0,2.0,1.0,
Cerrillos,ISAPRE,3.0,4.0,2.0,1.0,,,2.0,2.0,1.0,1.0,1.0,2.0,2.0,3.0,1.0,1.0,,,,,,,,3.0,,2.0,2.0,2.0,2.0,5.0,3.0,2.0,1.0,,,,1.0
Cerrillos,,,,,,,,,,3.0,,,,,,,,,,,,,,,,,,,,,,,,,,,,
Cerrillos,NINGUNA,,,,,,,,,,,,,,,1.0,,,,,,,,,,,,,,,,,,,,,,
Cerro Navia,DESCONOCIDO,3.0,3.0,3.0,2.0,5.0,1.0,1.0,1.0,,,,2.0,2.0,,,,,,1.0,1.0,1.0,1.0,1.0,1.0,1.0,1.0,1.0,,,,,,,,,,
Cerro Navia,FONASA,25.0,17.0,18.0,14.0,12.0,10.0,12.0,16.0,15.0,10.0,9.0,10.0,10.0,8.0,2.0,9.0,8.0,10.0,8.0,8.0,7.0,5.0,8.0,6.0,4.0,3.0,3.0,4.0,3.0,4.0,4.0,,1.0,,,1.0,1.0
Cerro Navia,ISAPRE,3.0,,2.0,1.0,3.0,1.0,,1.0,,,,,,,,2.0,,,,,,1.0,1.0,1.0,2.0,2.0,1.0,2.0,1.0,1.0,2.0,,,,,,
Cerro Navia,,,,,,,,2.0,,14.0,,1.0,,,,,,1.0,,,,,,,,,,,,,,,,,,,,
Cerro Navia,NINGUNA,1.0,1.0,1.0,1.0,,,,,,,,,,,,,,,,,,,,,,,,,,,,,,,,,
Chaitén,FONASA,,,,,,,,,2.0,,1.0,,,,,,,,,,,,,,,,,,,,,,,,,,
Chanco,FONASA,1.0,,,,,,,,,,,,,,,,,,,,,,,,,,,,,,,,,,,,
Chepica,FONASA,,,,,,,,,,,,,,,,,,,,,,,,,,,,,,,1.0,,,,,,
Chiguayante,FONASA,,,,,,,,,1.0,,,,,,,,,,,,,1.0,1.0,1.0,1.0,1.0,,,,,,,,,,,
Chiguayante,,,,,,,,,,,,1.0,1.0,,,,,,,,,,,,,,1.0,1.0,,,,,,,,,,
Chillán,DESCONOCIDO,,,,1.0,,,,,,,,,,,,,,,,,,,,,,,,,,,,,,,,,
Chillán,FONASA,1.0,,,,1.0,1.0,1.0,1.0,3.0,1.0,1.0,1.0,,1.0,1.0,,,,,,,,,,,,1.0,,,,,,,,,,
Chillán,ISAPRE,,,,,,,,,,,,,,,,,,,,,,1.0,1.0,,,,,,,,,,,,,,
Chillán,,,,,,,,,,,,,,,,,,,,,,,,,2.0,,,,,,,,,,,,,
Chillán Viejo,FONASA,1.0,,,,,,,,,,,,,,,,,,,,,,,,,,,,,,,,,,,,
Chimbarongo,FONASA,,,,,,,,,,1.0,,,,,,,,,,,,,,,,,,,,,,,,,,,
Chimbarongo,ISAPRE,1.0,,,,,,,,,,,,,,,,,,,,,,,,,,,,,,,,,,,,
Cobquecura,DESCONOCIDO,,,,,,,,,,,,,,,,,,,,,,,,,,,,,,,1.0,1.0,1.0,1.0,1.0,,
Colina,DESCONOCIDO,1.0,2.0,1.0,2.0,2.0,2.0,1.0,1.0,2.0,2.0,3.0,2.0,1.0,1.0,2.0,2.0,1.0,1.0,1.0,1.0,1.0,,,1.0,3.0,,,4.0,4.0,2.0,2.0,1.0,,,,1.0,1.0
Colina,FONASA,29.0,27.0,30.0,25.0,27.0,21.0,22.0,20.0,19.0,24.0,15.0,15.0,14.0,21.0,18.0,20.0,18.0,15.0,11.0,11.0,13.0,4.0,13.0,12.0,12.0,12.0,13.0,7.0,8.0,8.0,18.0,3.0,3.0,3.0,5.0,5.0,5.0
Colina,ISAPRE,6.0,3.0,6.0,6.0,6.0,7.0,8.0,4.0,2.0,4.0,1.0,1.0,1.0,5.0,4.0,3.0,3.0,6.0,6.0,5.0,5.0,7.0,8.0,8.0,10.0,9.0,8.0,8.0,12.0,16.0,18.0,1.0,,,,1.0,1.0
Colina,,1.0,1.0,,1.0,,,,,10.0,1.0,,,,,,,1.0,,,,,,2.0,,,,,1.0,1.0,9.0,1.0,,,,,,
Colina,NINGUNA,,,1.0,1.0,,,,,,,,,,,,,1.0,,,,,,,,,,,,,,1.0,1.0,1.0,1.0,,,
Collipulli,FONASA,,,,,1.0,,1.0,,,1.0,1.0,1.0,,,,,,1.0,1.0,,,,,,,,,,,,,,,,,,
Collipulli,ISAPRE,,,,,,,,,,1.0,,,,,,,,,,,,,,,,,,,,,,,,,,,
Collipulli,,,,,,,,,,,,,,,,,,,,,1.0,,,,,,,,,,,,,,,,,
Coltauco,ISAPRE,,,,,,,,,,,,,,,,,,,,,,1.0,1.0,,,,,,,,,,,,,,
Con Con,FONASA,,1.0,,,,,,,,,,,,,,,,,,,,,,,,,,,,,,,,,,,
Con Con,ISAPRE,,,,,,,,1.0,,,1.0,,,,,,,,,,,1.0,,,1.0,3.0,1.0,1.0,1.0,1.0,2.0,,,,,,
Con Con,,,,,,,,,,1.0,,1.0,,,,,,,,,,,,,,,,,,1.0,,,,,,,,
Concepción,DESCONOCIDO,,,,,,3.0,,,,,,,,,1.0,,,,,,,,,,,,,,,,,,,,,,
Concepción,FONASA,1.0,2.0,,,1.0,,1.0,,,1.0,,2.0,,1.0,1.0,,,,,,,,,,,,,,,,,,,,,,
Concepción,ISAPRE,,,,,,,,,,,,1.0,,,,1.0,,,,3.0,,,,1.0,,,,,,,,,,,,,
Concepción,,,,,,,,,,,,,,1.0,,,,,,,,1.0,,,,,,,,,,,,,,,,
Conchalí,DESCONOCIDO,,,,,,,,,,,1.0,1.0,1.0,1.0,1.0,1.0,2.0,1.0,1.0,1.0,1.0,1.0,1.0,2.0,1.0,,,,,,,,,,,1.0,1.0
Conchalí,FONASA,3.0,10.0,10.0,12.0,8.0,7.0,8.0,5.0,3.0,6.0,7.0,7.0,7.0,5.0,4.0,5.0,7.0,11.0,4.0,5.0,7.0,9.0,7.0,9.0,10.0,8.0,2.0,14.0,4.0,2.0,3.0,,,1.0,1.0,,
Conchalí,ISAPRE,3.0,2.0,2.0,2.0,2.0,3.0,1.0,3.0,2.0,5.0,2.0,,1.0,,,1.0,1.0,,,,,,,1.0,2.0,2.0,2.0,1.0,2.0,1.0,,,,,,,1.0
Conchalí,,,,,,,,,,2.0,,,,1.0,,,,1.0,,,,1.0,,,,,,,,,,,,,,,,
Conchalí,NINGUNA,,1.0,,,,,,,,,,,,,,,,,,,,,,,,,,,,,,,,,,,
Constitución,FONASA,,,,,,,,,,,,,,,,,,,,,,,,,,,,,,,1.0,,,,,,
Copiapó,FONASA,,,,,,,1.0,,,,,,,,,,,,1.0,,,1.0,2.0,,,,,,,,,,,,,,
Copiapó,ISAPRE,,,,,,1.0,,,,,,1.0,1.0,,,,1.0,,,,,,,,,,,,,,,,,,,,
Copiapó,,,1.0,,,,,,,,,,,,,,,,,,,,,,,,,,,,,,,,,,,
Coquimbo,DESCONOCIDO,2.0,,,,,,,,,,,,1.0,,,,,,,,,,,,,,,,,,,,,,,1.0,
Coquimbo,FONASA,,1.0,1.0,,,1.0,,1.0,1.0,,1.0,,,,,,,1.0,,1.0,1.0,,,1.0,2.0,2.0,1.0,1.0,,,,,,,,,
Coquimbo,,,,,,,,,,,,,,,,,1.0,,,,,,,,,,,,,,,,,,,,,
Coronel,DESCONOCIDO,,,,,,,,,,,,,,,,,,,,,,,,,,1.0,1.0,1.0,1.0,1.0,1.0,1.0,,,,,
Coronel,FONASA,2.0,,,3.0,,,,1.0,2.0,,,1.0,1.0,,,1.0,1.0,,,1.0,,1.0,1.0,1.0,1.0,,,,,,1.0,,,,,,
Coronel,ISAPRE,,,,,,,,,1.0,1.0,,,,,,,,,,,,,,,,,,,,,,,,,,,
Coronel,,,,,,,,,,,,,,1.0,1.0,,,,,,,,,,,,,,,,,,,,,,,
Coyhaique,FONASA,,1.0,,,,,1.0,,,,,,,,,,,,,,,,,,,,,,,,,,,,,,
Cunco,FONASA,,,,1.0,,,,,,,,,,,,,,,,,,,,,,,1.0,,,,,,,,,,
Curacautín,FONASA,,,1.0,,,,,,,,,,,,,,,,,,,,,,,,,,,,,,,,,,
Curacaví,CAPREDENA,,,,,,,,1.0,,,,,,,,,,,,,,,,1.0,1.0,1.0,1.0,,,,,,,,,,
Curacaví,DESCONOCIDO,,,3.0,,,,,,,,,1.0,1.0,1.0,1.0,1.0,1.0,1.0,1.0,2.0,,,,,,,,,,,1.0,1.0,1.0,1.0,1.0,1.0,1.0
Curacaví,DIPRECA,,,1.0,,,,,,,,,,,,,,,,,,,,,,,,,,,,,,,,,,
Curacaví,FONASA,7.0,4.0,10.0,6.0,3.0,2.0,1.0,2.0,2.0,4.0,6.0,9.0,7.0,4.0,2.0,3.0,3.0,2.0,2.0,3.0,5.0,5.0,4.0,6.0,10.0,5.0,3.0,5.0,5.0,5.0,6.0,4.0,4.0,1.0,1.0,2.0,
Curacaví,ISAPRE,,,,,,1.0,2.0,,1.0,,,,,,,,,,,1.0,1.0,,,,,,,,,,,,,,,,2.0
Curanilahue,FONASA,,,,,,,1.0,,,,,,,,,,,,,,,,,,,,,,,,,,,,,,
Curicó,FONASA,1.0,1.0,2.0,1.0,1.0,1.0,1.0,,,,,,,,1.0,,,,,,,1.0,,1.0,1.0,2.0,1.0,,,1.0,,,,,,,
Curicó,ISAPRE,1.0,,,,,,,,,,,,,,,,,,,,,,,,,,,,,,,,,,,,
Curicó,,,,,1.0,1.0,,,,,,,,,,,,,,,,,,,,,,,,,,,,,,,,
Desconocido,DESCONOCIDO,,,,,,,1.0,,,,,,,,,,,,,,,1.0,,,,,,1.0,,,,,,,1.0,2.0,2.0
Desconocido,FONASA,2.0,1.0,,,,,,,,,,,,,,,,,,,,,,,,1.0,,2.0,1.0,,,,,,,,
Desconocido,ISAPRE,6.0,1.0,,,,,,,,,,,,,,,,,,,,,,,,,,2.0,2.0,2.0,,,,,,,
Desconocido,NINGUNA,,,,,,,,,,,,,,,,,1.0,1.0,1.0,1.0,,,,,,,,,,,,,,,,,
El Bosque,DESCONOCIDO,1.0,,1.0,,,,,,,2.0,,,,1.0,2.0,,1.0,,,,,,,,,,,1.0,,1.0,,,,,,,
El Bosque,FONASA,15.0,16.0,14.0,18.0,15.0,14.0,15.0,13.0,12.0,11.0,10.0,12.0,16.0,11.0,10.0,8.0,12.0,14.0,7.0,9.0,7.0,9.0,8.0,11.0,13.0,9.0,7.0,8.0,11.0,11.0,11.0,5.0,5.0,3.0,4.0,5.0,6.0
El Bosque,ISAPRE,3.0,3.0,3.0,2.0,2.0,3.0,2.0,2.0,2.0,2.0,2.0,2.0,1.0,,1.0,3.0,3.0,4.0,2.0,2.0,4.0,2.0,3.0,4.0,3.0,4.0,3.0,1.0,2.0,3.0,2.0,1.0,,,,,
El Bosque,,,,,,,2.0,,,6.0,,,1.0,,1.0,,,,,,,,1.0,,,,,,,,,1.0,,,,,,
El Bosque,NINGUNA,,,,,,,,,,,1.0,1.0,1.0,,,,,,,,,,,,,,,,,,,,,,,,
El Monte,DESCONOCIDO,2.0,2.0,3.0,3.0,1.0,,1.0,,,1.0,1.0,1.0,1.0,,,1.0,,,,,,,1.0,,,,,,,1.0,,,,,,,
El Monte,FONASA,2.0,3.0,5.0,4.0,2.0,5.0,3.0,2.0,1.0,2.0,3.0,2.0,6.0,4.0,4.0,6.0,4.0,7.0,6.0,4.0,5.0,4.0,4.0,2.0,1.0,,1.0,3.0,7.0,5.0,8.0,,,,,,
El Monte,ISAPRE,,,,,,,,,,1.0,,,,,,,,,1.0,,,,,,,,,,,,1.0,1.0,,,,1.0,1.0
El Monte,,,,,,,,,,1.0,,,,,,,,,,,,,,,,,,,1.0,,,,,,,,,
El Quisco,FONASA,,,,1.0,,,,,,,,,,,,,,,,,,,1.0,,,,,,,,,,,,,,
El Quisco,,,,,,,,,,,,,,,,,,,,,,,,1.0,,,,,,,,,,,,,,
El Tabo,FONASA,2.0,1.0,,1.0,,,,1.0,3.0,1.0,1.0,1.0,1.0,1.0,,,,1.0,,,,1.0,,,,,,,,,1.0,,,,,,
El Tabo,ISAPRE,,,1.0,,,,,,,,,,1.0,,,,,,,,,,,,,,,,,,,,,,,,
El Tabo,,,,,,,,,,1.0,,,,,,,,,,,,,,,,,,,,,,,,,,,,
Estación Central,DESCONOCIDO,5.0,10.0,10.0,12.0,11.0,10.0,14.0,10.0,9.0,10.0,6.0,6.0,4.0,3.0,2.0,4.0,2.0,1.0,,1.0,4.0,2.0,2.0,3.0,3.0,3.0,2.0,2.0,2.0,2.0,3.0,1.0,1.0,,1.0,2.0,2.0
Estación Central,FONASA,20.0,19.0,23.0,26.0,14.0,11.0,17.0,11.0,13.0,18.0,16.0,10.0,11.0,9.0,9.0,18.0,7.0,7.0,6.0,4.0,13.0,7.0,10.0,11.0,9.0,6.0,9.0,14.0,14.0,12.0,8.0,2.0,2.0,1.0,1.0,2.0,6.0
Estación Central,ISAPRE,4.0,2.0,1.0,,2.0,1.0,3.0,1.0,2.0,3.0,4.0,2.0,2.0,3.0,2.0,2.0,3.0,3.0,3.0,2.0,2.0,3.0,6.0,6.0,6.0,5.0,3.0,4.0,5.0,1.0,2.0,1.0,,,,,1.0
Estación Central,,,,,1.0,,,,,5.0,,,,,,,,1.0,,,,,,,,,,,,,,,,,,,,
Estación Central,NINGUNA,1.0,1.0,3.0,,1.0,1.0,,,,,,,,,,1.0,2.0,1.0,2.0,1.0,2.0,2.0,1.0,2.0,1.0,1.0,1.0,1.0,1.0,1.0,2.0,1.0,1.0,1.0,,,1.0
Freire,FONASA,,,,,1.0,1.0,,,,,,,,,,,,,,,,,,,,,,,,,,,,,,,
Freirina,,1.0,1.0,1.0,,1.0,,1.0,,,,,,,,,,,,,,,,,,,,,,,,,,,,,,
Fresia,FONASA,1.0,,,,,,,,,,,,,,,,,,1.0,1.0,,,,,,,,,,,,,,,,,
Frutillar,FONASA,,,,,,,,,,,,,,,,,,,,,,,,,,,,,,,1.0,,,,,,
Frutillar,ISAPRE,,,,,,,,,,,,1.0,1.0,,,,,,,,,,,,,,,,,,,,,,,,
Graneros,FONASA,1.0,,,,,,1.0,1.0,,,,,,,,,,,1.0,,,,,,,,,1.0,,,,,,,,,
Graneros,ISAPRE,,,,,,,,,,,,,,,,,,,,,,,,,,,,,1.0,,,,,,,,
Graneros,,,,,,,,,,1.0,,,,,,,,,,,,,,,1.0,,,,,,,,,,,,,
Hualaihué,DESCONOCIDO,,,,,,,,,,,,,,,,,,,1.0,1.0,1.0,1.0,1.0,1.0,,,,,,,,,,,,,
Hualaihué,FONASA,,,,,,,,,,,,,,,,,,1.0,1.0,,,,,,,,,,,,,,,,,,
Hualpén,FONASA,,2.0,,,,,,,,,,,,,,,,,,,,,,,,,,,,,,,,,,,
Hualpén,ISAPRE,,,,,,,,,,1.0,1.0,1.0,1.0,,,,,,,,,,,,,,,,,,,,,,,,
Hualqui,DESCONOCIDO,,,,,,,,,,,,,,,,,,,1.0,1.0,,,,,,,,,,,,,,,,,
Hualqui,FONASA,,,,,,,,,1.0,,,,,,,,,,,,,,,,,,,,,,,,,,,,
Huasco,DESCONOCIDO,,,,,,,,,,,,,,,,,,,,,,,,,,,,,1.0,,,,,,,,
Huechuraba,CAPREDENA,,,,,,,,,,,,,,,,,,,,,1.0,1.0,1.0,1.0,1.0,1.0,,,,,,,,,,,
Huechuraba,DESCONOCIDO,2.0,2.0,2.0,1.0,1.0,1.0,1.0,,,,,1.0,1.0,1.0,,,,,1.0,1.0,1.0,,1.0,,,,,,2.0,3.0,2.0,1.0,1.0,1.0,2.0,1.0,1.0
Huechuraba,FONASA,15.0,12.0,12.0,12.0,8.0,7.0,8.0,6.0,5.0,9.0,6.0,2.0,3.0,10.0,4.0,8.0,5.0,4.0,4.0,5.0,4.0,5.0,2.0,1.0,6.0,8.0,4.0,1.0,4.0,5.0,3.0,,,,1.0,2.0,1.0
Huechuraba,ISAPRE,3.0,3.0,2.0,3.0,2.0,2.0,3.0,2.0,5.0,6.0,3.0,2.0,1.0,6.0,4.0,5.0,1.0,1.0,,1.0,3.0,3.0,,2.0,1.0,,1.0,,3.0,4.0,,,,,,,
Huechuraba,,,,,,,,,,2.0,,,,,,,,,,,,,,,,,1.0,1.0,,,,,,,,,,
Huechuraba,NINGUNA,1.0,,,,,,,,,,,1.0,,,,,,,,,,,,,,,,,,,,,,,,,
Independencia,DESCONOCIDO,,2.0,2.0,1.0,1.0,1.0,4.0,3.0,3.0,2.0,1.0,2.0,,1.0,1.0,1.0,1.0,2.0,3.0,1.0,1.0,1.0,2.0,2.0,2.0,1.0,,1.0,1.0,4.0,2.0,1.0,2.0,2.0,1.0,2.0,2.0
Independencia,FONASA,21.0,21.0,20.0,16.0,15.0,14.0,15.0,19.0,12.0,13.0,10.0,4.0,2.0,5.0,4.0,12.0,10.0,5.0,4.0,8.0,6.0,7.0,6.0,7.0,4.0,5.0,3.0,3.0,5.0,6.0,6.0,,,,1.0,,
Independencia,ISAPRE,1.0,1.0,3.0,1.0,1.0,1.0,2.0,2.0,3.0,3.0,2.0,1.0,1.0,1.0,1.0,3.0,1.0,1.0,2.0,2.0,2.0,2.0,3.0,3.0,2.0,,,,2.0,1.0,1.0,1.0,1.0,2.0,1.0,1.0,
Independencia,,,,,,,,1.0,,8.0,,,,,,,,,,,,,,,,,,,,,,,,,,,,
Independencia,NINGUNA,1.0,1.0,1.0,1.0,1.0,,,,,1.0,2.0,2.0,2.0,3.0,2.0,2.0,1.0,,,,,,1.0,1.0,1.0,1.0,,,,,1.0,1.0,,,,,
Iquique,DESCONOCIDO,,,,,,,,,,,,,,,,,,1.0,1.0,2.0,1.0,1.0,1.0,1.0,,,,,1.0,1.0,,,,,,,
Iquique,FONASA,,,,2.0,3.0,1.0,,1.0,,,,,,1.0,,,2.0,1.0,,,,,,,,,,2.0,,2.0,2.0,,,,,1.0,
Iquique,ISAPRE,,,,,,,,,,,,,,,,,,,,,,,,,,,,,1.0,,,,1.0,,,,
Iquique,,,,,,,,,,1.0,,,,,,,,,,1.0,1.0,1.0,,1.0,1.0,1.0,,,,,1.0,,,,,,,
Isla de Maipo,DESCONOCIDO,,,,,,,,,,,,,,,,,,,,,,,,,,,1.0,1.0,,,,,,,,,
Isla de Maipo,FONASA,11.0,14.0,6.0,6.0,3.0,2.0,5.0,1.0,,,2.0,1.0,,2.0,,,,1.0,3.0,3.0,3.0,3.0,5.0,5.0,6.0,4.0,1.0,2.0,2.0,3.0,2.0,,,,,,2.0
Isla de Maipo,ISAPRE,1.0,1.0,3.0,1.0,,2.0,1.0,1.0,1.0,2.0,1.0,,,,,,1.0,1.0,1.0,2.0,1.0,,,1.0,1.0,,,,,,,,,,,,
Isla de Maipo,,,,,,,,,,2.0,,,,,,,,,,,,,,,,,,,,,,,,,,,,
Isla de Maipo,NINGUNA,,,,,,,,1.0,1.0,1.0,1.0,1.0,1.0,1.0,1.0,1.0,1.0,,,,,,,,,,,,,,,,,,,,
Isla de Pascua,FONASA,,,,,,,1.0,,,,,,,,,,,,,,,,3.0,,,,,,,,,,,,,,
La Cisterna,DESCONOCIDO,1.0,,,2.0,3.0,2.0,2.0,1.0,1.0,1.0,,,,1.0,1.0,,,1.0,,,,1.0,1.0,1.0,1.0,1.0,,,,,,,,,,1.0,
La Cisterna,FONASA,17.0,14.0,21.0,12.0,10.0,8.0,7.0,11.0,8.0,5.0,7.0,5.0,4.0,3.0,6.0,2.0,1.0,3.0,1.0,2.0,4.0,8.0,2.0,1.0,2.0,1.0,4.0,3.0,2.0,3.0,2.0,1.0,1.0,1.0,2.0,2.0,6.0
La Cisterna,ISAPRE,2.0,1.0,1.0,1.0,,,2.0,3.0,2.0,1.0,1.0,,,1.0,,,1.0,,,,,3.0,1.0,2.0,2.0,2.0,2.0,2.0,3.0,1.0,,,,1.0,,1.0,
La Cisterna,,,,,,,,,,6.0,,,,,,,,,,,,,,,,,,,,,,,,,,,,
La Cisterna,NINGUNA,1.0,2.0,1.0,1.0,2.0,1.0,1.0,,,,,,,,,1.0,1.0,1.0,1.0,,,,1.0,,,,,,,2.0,1.0,,,,,,1.0
La Estrella,DESCONOCIDO,,,,,,,,,,,,,,,,,,,,,,,,,1.0,1.0,,,,,,,,,,,
La Florida,DESCONOCIDO,5.0,5.0,7.0,3.0,4.0,2.0,4.0,1.0,,3.0,1.0,4.0,3.0,2.0,2.0,6.0,3.0,3.0,3.0,3.0,3.0,2.0,1.0,3.0,3.0,2.0,2.0,4.0,5.0,7.0,4.0,1.0,,,1.0,1.0,2.0
La Florida,DIPRECA,,,,,,,,,,,,,,,,,,,,,,1.0,1.0,1.0,1.0,1.0,,,,,,,,,,,
La Florida,FONASA,20.0,31.0,27.0,19.0,32.0,26.0,21.0,19.0,23.0,27.0,28.0,23.0,20.0,23.0,16.0,31.0,19.0,17.0,11.0,21.0,19.0,16.0,15.0,29.0,28.0,22.0,19.0,20.0,20.0,21.0,34.0,6.0,4.0,3.0,7.0,3.0,5.0
La Florida,ISAPRE,10.0,10.0,12.0,5.0,3.0,4.0,7.0,5.0,4.0,5.0,3.0,3.0,1.0,3.0,3.0,9.0,7.0,2.0,3.0,4.0,4.0,7.0,4.0,5.0,7.0,7.0,5.0,9.0,5.0,6.0,7.0,2.0,2.0,2.0,3.0,2.0,1.0
La Florida,,,,,,,5.0,4.0,,10.0,,1.0,,,1.0,1.0,1.0,1.0,2.0,1.0,,,,1.0,,,,1.0,,,2.0,,,,,,,
La Florida,NINGUNA,3.0,2.0,1.0,2.0,1.0,1.0,1.0,1.0,1.0,2.0,,,,,,,,,,,,,,,,,,,,,,,,,,,
La Granja,DESCONOCIDO,2.0,3.0,1.0,1.0,3.0,2.0,3.0,2.0,2.0,3.0,,,,,,1.0,1.0,,1.0,,,1.0,1.0,,1.0,1.0,,,,,,,,,,,
La Granja,FONASA,17.0,16.0,14.0,11.0,7.0,6.0,10.0,7.0,10.0,8.0,7.0,4.0,2.0,6.0,4.0,8.0,2.0,3.0,2.0,1.0,7.0,3.0,5.0,3.0,5.0,4.0,6.0,10.0,6.0,6.0,6.0,,,1.0,,,3.0
La Granja,ISAPRE,1.0,2.0,3.0,1.0,,,,2.0,,1.0,1.0,1.0,1.0,1.0,1.0,1.0,,,1.0,1.0,,1.0,1.0,1.0,1.0,1.0,,,1.0,1.0,,,,,,,
La Granja,,,,,,,,,,4.0,,,,,,,,,,,,,,,,,,,,,,,,,,,,
La Granja,NINGUNA,,,,,1.0,1.0,,,,,,,,,,,,,,,,,,,,,,,,,,,,,,,
La Pintana,DESCONOCIDO,,1.0,,1.0,,1.0,,,,,,,,,,,,,,,,,1.0,1.0,1.0,,,,,2.0,,,,,,,
La Pintana,FONASA,21.0,24.0,25.0,24.0,15.0,16.0,15.0,16.0,13.0,11.0,11.0,14.0,9.0,18.0,9.0,14.0,11.0,9.0,5.0,5.0,9.0,5.0,7.0,2.0,4.0,5.0,3.0,8.0,10.0,9.0,10.0,5.0,2.0,,1.0,4.0,2.0
La Pintana,ISAPRE,2.0,3.0,1.0,1.0,1.0,1.0,1.0,,,,1.0,,,,,,,,,,,,,,1.0,1.0,,,2.0,,,,,,,,
La Pintana,,,,,,,,,,2.0,,,,,,,,,,,,,,,,,,,,,,,,,,,,
La Pintana,NINGUNA,,,,,,,,1.0,1.0,,,,,,,,,,,,,,,,,,,,,,,,,,,,
La Reina,CAPREDENA,,,,1.0,,,,,,,,,,,,,,,,,,,,,,,,,,,,,,,,,
La Reina,DESCONOCIDO,1.0,1.0,,,,,,,,,,,,,,,1.0,1.0,1.0,,1.0,2.0,1.0,,1.0,,,3.0,2.0,2.0,2.0,1.0,1.0,1.0,,,
La Reina,FONASA,2.0,,6.0,2.0,3.0,5.0,1.0,1.0,1.0,1.0,1.0,2.0,2.0,2.0,1.0,1.0,1.0,3.0,2.0,2.0,1.0,,1.0,2.0,3.0,2.0,1.0,,2.0,1.0,1.0,1.0,1.0,1.0,2.0,1.0,2.0
La Reina,ISAPRE,1.0,1.0,1.0,1.0,,1.0,1.0,2.0,,3.0,2.0,4.0,3.0,9.0,3.0,3.0,6.0,4.0,3.0,3.0,4.0,8.0,3.0,3.0,2.0,3.0,3.0,6.0,4.0,11.0,10.0,2.0,2.0,,1.0,3.0,2.0
La Reina,,,,,,,,,,2.0,,,,,,,,,,,,,,,,,,,,1.0,,,,,,,,
La Serena,DESCONOCIDO,,,,,,,,,,,,,,,,,1.0,,,,,,,,,,,1.0,1.0,1.0,1.0,,,,,,
La Serena,FONASA,1.0,3.0,1.0,,,,,1.0,,,1.0,,,,,1.0,,1.0,,,,,1.0,1.0,1.0,1.0,2.0,1.0,1.0,1.0,1.0,,,,,,1.0
La Serena,ISAPRE,,,,,,1.0,,,,,,,,,,,,,,,,,,,,,,,,,,,,,,,
La Serena,,,,,,,,,1.0,3.0,,,,,,,,,,,1.0,,,,1.0,,,,,,,,,,,,,
Laja,ISAPRE,,,,,,,,,,,,,,,,,,,,,,,,,,,,1.0,,,,,,,,,
Lampa,DESCONOCIDO,,2.0,2.0,1.0,3.0,3.0,4.0,3.0,2.0,1.0,,1.0,,,1.0,2.0,,2.0,1.0,1.0,2.0,2.0,3.0,2.0,2.0,1.0,,2.0,1.0,3.0,2.0,2.0,2.0,1.0,1.0,1.0,2.0
Lampa,FONASA,13.0,11.0,15.0,9.0,16.0,7.0,14.0,9.0,5.0,11.0,10.0,7.0,6.0,12.0,7.0,13.0,5.0,9.0,8.0,8.0,4.0,7.0,10.0,9.0,7.0,4.0,3.0,3.0,4.0,7.0,8.0,3.0,3.0,3.0,4.0,4.0,5.0
Lampa,ISAPRE,7.0,4.0,2.0,2.0,1.0,3.0,1.0,4.0,3.0,3.0,6.0,5.0,5.0,2.0,2.0,3.0,2.0,1.0,1.0,2.0,1.0,1.0,,,,,1.0,2.0,4.0,6.0,5.0,,,,1.0,1.0,
Lampa,,,2.0,,,,,1.0,,6.0,,,,,,,,,,,,,,,,,,,,,,1.0,,,,,,
Lampa,NINGUNA,,,1.0,,,,,,,,,,,,,,,,,,,,,,,,,1.0,1.0,1.0,1.0,1.0,1.0,1.0,,,
Lanco,FONASA,,,,,,,,,1.0,,,,,,,,,,,,,,,1.0,1.0,,,,,,,,,,,,
Las Condes,CAPREDENA,1.0,1.0,1.0,,,,,,,,,,,,,,,,,,,,,,,,,,,,,,,,,,
Las Condes,DESCONOCIDO,5.0,4.0,7.0,9.0,9.0,8.0,8.0,10.0,5.0,6.0,5.0,5.0,2.0,3.0,2.0,5.0,7.0,6.0,8.0,7.0,9.0,7.0,11.0,10.0,11.0,11.0,9.0,13.0,24.0,21.0,21.0,9.0,9.0,10.0,16.0,16.0,12.0
Las Condes,FONASA,9.0,9.0,9.0,8.0,4.0,5.0,5.0,6.0,2.0,3.0,5.0,4.0,7.0,11.0,5.0,4.0,9.0,5.0,3.0,5.0,5.0,6.0,9.0,8.0,6.0,9.0,4.0,13.0,4.0,7.0,10.0,1.0,1.0,,5.0,1.0,2.0
Las Condes,ISAPRE,16.0,20.0,13.0,16.0,11.0,12.0,14.0,10.0,12.0,13.0,22.0,18.0,15.0,24.0,8.0,12.0,17.0,12.0,7.0,16.0,7.0,18.0,22.0,21.0,27.0,32.0,30.0,34.0,34.0,34.0,39.0,8.0,4.0,4.0,9.0,15.0,20.0
Las Condes,,,,,,,,2.0,,7.0,,,,,,,1.0,,1.0,1.0,,,,2.0,,1.0,3.0,3.0,,1.0,,1.0,,,,,,
Las Condes,NINGUNA,1.0,,,,1.0,,,,,,1.0,,,,,,,,,,1.0,,,,,1.0,2.0,5.0,2.0,2.0,10.0,5.0,3.0,3.0,6.0,6.0,7.0
Lebu,FONASA,,,,,,,,,,,,,,,,,,,,,,,,,,,,2.0,,,,,,,,,
Limache,CAPREDENA,,,,,,,1.0,,,,,,,,,,,,,,,,,,,,,,,,,,,,,,
Limache,DESCONOCIDO,,,,,,,,,,,,,,,,,,,1.0,,,,,,1.0,1.0,,,,,1.0,,,,,,
Limache,FONASA,,,,1.0,1.0,,,,,,,,,,,,,,1.0,,,,,,,,,,,,,,,,,,1.0
Limache,ISAPRE,,,,,,,,,,,,,,,,,,,,,,1.0,,,1.0,,,,,,,,,,,,
Linares,FONASA,,,,,,,,,,,,,,,,,1.0,,,,,,,,,,,,,,,,,,,,
Linares,ISAPRE,,,,,,,,,,,,,,,,,,,,,,,,,,,,1.0,,,,,,,,,
Litueche,FONASA,,,,,,,,,,,,,,,,,,,,,3.0,,,,,,,,,,,,,,,,
Llaillay,DESCONOCIDO,,,,,,,,,,,,,,,,,,,,,,,1.0,,,,,,,,,,,,,,
Llaillay,FONASA,,1.0,,,,,,,,,,,,,,,,,,,,,,,,,,,,,,,,,,,
Llaillay,ISAPRE,,,,1.0,1.0,,,,,,,,,,,1.0,,,,,,,,,,,,,,,,,,,,,
Llanquihue,FONASA,,,,,,,,,1.0,1.0,1.0,1.0,1.0,1.0,1.0,1.0,1.0,1.0,1.0,,,,,,,,,,,,,,,,,,
Llanquihue,,,,,,,,,,,,,,,,,,,,,,,,,,1.0,,,,,,,,,,,,
Lo Barnechea,DESCONOCIDO,1.0,3.0,1.0,2.0,1.0,1.0,2.0,2.0,1.0,,1.0,,,1.0,,1.0,1.0,1.0,1.0,2.0,4.0,3.0,1.0,1.0,2.0,1.0,4.0,5.0,4.0,5.0,9.0,6.0,3.0,1.0,1.0,4.0,4.0
Lo Barnechea,FONASA,4.0,3.0,5.0,3.0,3.0,3.0,1.0,7.0,5.0,6.0,5.0,3.0,4.0,2.0,1.0,2.0,3.0,1.0,1.0,1.0,2.0,2.0,2.0,1.0,2.0,2.0,2.0,5.0,4.0,5.0,2.0,1.0,1.0,,,,1.0
Lo Barnechea,ISAPRE,5.0,3.0,5.0,2.0,3.0,4.0,2.0,2.0,3.0,4.0,2.0,3.0,7.0,5.0,3.0,3.0,5.0,3.0,2.0,5.0,5.0,6.0,7.0,13.0,15.0,10.0,17.0,27.0,27.0,32.0,31.0,4.0,6.0,6.0,3.0,6.0,9.0
Lo Barnechea,,,,,,,,,,3.0,,,,,,,,,,,,,1.0,,,,1.0,1.0,,,,2.0,,,,,,
Lo Barnechea,NINGUNA,,,,,,,,,,,,,,,,1.0,1.0,,,,,,,,,1.0,,,2.0,1.0,1.0,2.0,2.0,2.0,2.0,2.0,2.0
Lo Espejo,DESCONOCIDO,,,1.0,2.0,1.0,1.0,1.0,1.0,1.0,1.0,1.0,2.0,2.0,2.0,1.0,1.0,1.0,,,,,,,,,,,,1.0,2.0,2.0,2.0,2.0,2.0,2.0,1.0,
Lo Espejo,FONASA,12.0,15.0,13.0,12.0,10.0,9.0,10.0,10.0,10.0,8.0,10.0,8.0,7.0,8.0,6.0,4.0,5.0,5.0,4.0,4.0,5.0,3.0,5.0,1.0,1.0,1.0,4.0,5.0,6.0,11.0,8.0,2.0,2.0,2.0,4.0,2.0,3.0
Lo Espejo,ISAPRE,3.0,2.0,2.0,2.0,2.0,2.0,1.0,1.0,1.0,1.0,1.0,,1.0,,,,1.0,1.0,1.0,1.0,1.0,2.0,1.0,1.0,,1.0,1.0,,,1.0,1.0,,,,,,1.0
Lo Espejo,,,,,,,,,,3.0,,,,,,,,,,,,,,,,,,,,,,,,,,,,
Lo Prado,DESCONOCIDO,,,,,,,,1.0,2.0,1.0,1.0,,1.0,,,,,,1.0,1.0,,,,,,2.0,1.0,3.0,2.0,2.0,,,,,,,
Lo Prado,FONASA,5.0,3.0,6.0,6.0,9.0,5.0,9.0,10.0,11.0,7.0,8.0,4.0,5.0,7.0,6.0,8.0,9.0,4.0,2.0,8.0,5.0,8.0,9.0,7.0,9.0,9.0,6.0,4.0,8.0,7.0,7.0,4.0,4.0,4.0,3.0,3.0,5.0
Lo Prado,ISAPRE,1.0,,1.0,1.0,1.0,1.0,1.0,1.0,2.0,1.0,1.0,1.0,1.0,,,,1.0,,1.0,,,,,,2.0,3.0,1.0,2.0,1.0,2.0,1.0,,,,,,
Lo Prado,,,,,,,,,,3.0,,,,,,,,,,,,,,,,,,,,1.0,,,,,,,,
Lolol,FONASA,,,,,,,,1.0,,,,,,,,,,,,,,,,,1.0,,,,,,,,,,,,
Loncoche,FONASA,,,,,,,,,,,,,,,,,,1.0,,,,,,,,,,,,,,,,,,,
Loncoche,ISAPRE,,,,,,,,,,,,,,,,,,,,,,,,,,,,1.0,,,,,,,,,
Longaví,FONASA,,,,,1.0,,,,,1.0,,,,,,,,,,,,,,,,,,,,,,,,,,,
Lonquimay,DESCONOCIDO,,,,,,,,,,,,,,,,,,,,,,,,,,,,,1.0,,,,,,,,
Lonquimay,FONASA,,,,,,,,1.0,,,,,,,,,,,,,,,,,,,,,,,,,,,,,
Los Andes,FONASA,,,,,,1.0,,,,,,,,,,,,,,,,,,,,,,,,,,,,,,,
Los Andes,ISAPRE,,,,,1.0,1.0,,,,,,,,,,,,,,,,,,,,,,,,,,,,,,,
Los Lagos,FONASA,,,,,,,,,,,,,,,,,,,,,,,,,1.0,,,,,,,,,,,,
Los Vilos,FONASA,,,,,,,,,,,,,,,,,,1.0,,,,,,1.0,,,,,,1.0,,,,,,,
Los Vilos,ISAPRE,,,,,,,,,,,,,,1.0,,,,,,,,,,,,,,,,,,,,,,,
Los Vilos,,,,,,,,,,,,,,,,,,,,,,,,,,1.0,1.0,1.0,,,,,,,,,,
Los Álamos,FONASA,,,,,,,,,1.0,,,,,,,,,,,,,,,,,,,,,,,,,,,,
Los Ángeles,DESCONOCIDO,,,,,,,,,,,,1.0,,,,,,,,,,,,,,,,,,,,,,,,,
Los Ángeles,FONASA,,,,,1.0,,,,1.0,,,,1.0,,,,,,,,,,,,,,,1.0,,,,,,,,,
Los Ángeles,ISAPRE,1.0,,,,,,,,,,,,,,,,,,,,,,1.0,,,,,,,,,,,,,,
Lota,FONASA,,,,1.0,,,,,1.0,1.0,,,,,1.0,,1.0,,,,,,,2.0,,,,,,,1.0,,,,,,
Machalí,FONASA,,,,,,,,,,,,,,,,,,,,,,,1.0,,1.0,,,,,,,,,,,,
Machalí,ISAPRE,,,,,,,,,,,,,,,,,,,,,,1.0,,,,,,,,,,,,,,,
Macul,DESCONOCIDO,1.0,,,,,,,,,,,2.0,2.0,,,1.0,,1.0,,,,1.0,2.0,2.0,2.0,2.0,2.0,4.0,3.0,3.0,3.0,2.0,2.0,1.0,1.0,,
Macul,FONASA,14.0,15.0,13.0,10.0,9.0,6.0,7.0,8.0,6.0,4.0,3.0,5.0,1.0,4.0,3.0,6.0,5.0,8.0,6.0,13.0,10.0,5.0,6.0,7.0,8.0,8.0,5.0,2.0,6.0,4.0,9.0,4.0,6.0,5.0,6.0,5.0,6.0
Macul,ISAPRE,2.0,,1.0,1.0,,,1.0,1.0,1.0,2.0,2.0,2.0,3.0,3.0,2.0,5.0,3.0,7.0,3.0,2.0,1.0,,,1.0,1.0,,1.0,1.0,1.0,2.0,5.0,,,,,1.0,1.0
Macul,,,,,,,1.0,,,4.0,,,,,,,,,,,,,,,,2.0,,,,,,,,,,,,
Macul,NINGUNA,,,,,,,,,,1.0,1.0,1.0,1.0,,,,,,,,,,,,,,,,,,,,,,,1.0,
Maipú,DESCONOCIDO,5.0,9.0,5.0,7.0,8.0,5.0,6.0,3.0,2.0,2.0,1.0,2.0,,3.0,1.0,2.0,2.0,1.0,,3.0,,1.0,,4.0,6.0,6.0,3.0,3.0,5.0,3.0,5.0,4.0,3.0,2.0,1.0,1.0,3.0
Maipú,DIPRECA,,,,,,,,,,,,,,,,,,,1.0,,,,,,,,,,,,,,,,,,
Maipú,FONASA,65.0,58.0,55.0,55.0,40.0,34.0,39.0,40.0,44.0,30.0,32.0,30.0,19.0,23.0,19.0,28.0,26.0,20.0,18.0,26.0,15.0,17.0,18.0,18.0,23.0,22.0,13.0,25.0,21.0,29.0,30.0,8.0,7.0,5.0,10.0,12.0,10.0
Maipú,ISAPRE,16.0,15.0,16.0,15.0,15.0,11.0,13.0,12.0,12.0,6.0,9.0,9.0,7.0,14.0,9.0,13.0,13.0,10.0,6.0,9.0,7.0,10.0,11.0,10.0,9.0,7.0,8.0,11.0,14.0,12.0,9.0,3.0,4.0,2.0,1.0,3.0,3.0
Maipú,,,,,,,1.0,,,9.0,,,,,,,,1.0,,,,,,1.0,,,2.0,,,,,,,,,,,
Maipú,NINGUNA,1.0,1.0,1.0,1.0,,,1.0,2.0,1.0,2.0,1.0,2.0,1.0,2.0,2.0,1.0,1.0,1.0,1.0,,,,,1.0,2.0,2.0,1.0,,,1.0,,3.0,3.0,3.0,3.0,3.0,3.0
Maria Pinto,DESCONOCIDO,,,,,,,,,,,,,,,,,1.0,,,,,,,1.0,1.0,,,,,,,,,,,,
Maria Pinto,FONASA,1.0,,1.0,2.0,,,4.0,2.0,4.0,4.0,3.0,2.0,3.0,1.0,,1.0,,,1.0,2.0,1.0,,,,1.0,1.0,1.0,2.0,1.0,,1.0,1.0,1.0,,,,
Maria Pinto,ISAPRE,,,,,,,,,,,,,,,1.0,1.0,1.0,1.0,,,1.0,,,,,,,1.0,,,,,,,,,
Maria Pinto,,,,,,,,,,1.0,,,,,,,,,,,,,,,,,,,,,,,,,,,,
Maria Pinto,NINGUNA,,,,,,,,,,,,,,,,,,,,,,,,,1.0,1.0,1.0,,,,,,,,,,
Mariquina,FONASA,1.0,,,,,,,,,,,,,,,,,,,,,,,,,,,,,,,,,,,,
Maullín,DESCONOCIDO,,,,,,,,,,,,,,,,,,,,,1.0,,,,,,,,,,,,,,,,
Melipeuco,FONASA,,,,,,,,,1.0,,,,,,,,,,,,,,,,,,,,,,,,,,,,
Melipilla,DESCONOCIDO,2.0,2.0,4.0,4.0,1.0,1.0,1.0,1.0,1.0,1.0,1.0,1.0,1.0,1.0,1.0,1.0,1.0,1.0,,,,,,,1.0,,,,4.0,3.0,2.0,,,,,,
Melipilla,FONASA,25.0,14.0,19.0,25.0,11.0,6.0,15.0,8.0,10.0,12.0,9.0,6.0,7.0,15.0,13.0,16.0,16.0,13.0,8.0,12.0,15.0,10.0,12.0,6.0,11.0,12.0,7.0,12.0,13.0,8.0,10.0,4.0,2.0,1.0,1.0,3.0,3.0
Melipilla,ISAPRE,1.0,1.0,,,,,1.0,,,,,,,1.0,2.0,1.0,1.0,2.0,1.0,1.0,,,1.0,,1.0,,1.0,,,3.0,,,,,,1.0,
Melipilla,,,,,,,,,,,,,,,,,,,,,,,,,,,1.0,,,,,,,,,,,
Melipilla,NINGUNA,,,,,,,1.0,,,1.0,,,1.0,,,,,,,,,,,,,,,,2.0,2.0,2.0,,,,,,
Mostazal,,,,,,,,,,,,,,,,,,,,,1.0,,,,,,,,,,,,,,,,,
Mulchén,FONASA,,1.0,,,,,,,,,,,,,,,,,,,,,,,,,,,,,,,,,,,
Nancagua,FONASA,,,1.0,1.0,,,,,,,,,,,,,,,,,,,,,,,,,,,,,,,,,
Natales,FONASA,,,,,,,,,,,,,,,,,,,,,,,,1.0,,,,,,1.0,,,,,,,
Nogales,ISAPRE,,,,1.0,1.0,,,,,,,,,,,,,,,,,,,,,,,1.0,,,,,,,,,
Nueva Imperial,,,,,,,,,,1.0,,,,,,,,,,,,,,,,,,,,,,,,,,,,
Olmué,FONASA,,,,,,,,,,,1.0,,,,,,,,,,,,,,,,,,,,,,,,,,
Olmué,ISAPRE,,,,,,,,,,,,,,,,,,,,,,,,,1.0,1.0,,,,,,,,,,,
Osorno,DESCONOCIDO,,,,1.0,1.0,,,,,,,,2.0,,,,,,,,,,,,,,,,,,,,,,,,
Osorno,FONASA,2.0,7.0,6.0,6.0,1.0,,4.0,2.0,3.0,1.0,3.0,2.0,,1.0,1.0,,,1.0,,,,,,,,,,1.0,,,,,,,,,
Osorno,ISAPRE,,1.0,1.0,,1.0,1.0,2.0,,1.0,2.0,1.0,2.0,2.0,,,,,,1.0,2.0,,,,,,,1.0,,,,,,,,,,
Osorno,,1.0,1.0,,,,,,,1.0,,1.0,,1.0,1.0,,,,,,,,,,,,,,,,,,,,,,,
Osorno,NINGUNA,,,,,,,,,1.0,,,,,,1.0,,,,,,,,,,,,,,,,,,,,,,
Ovalle,FONASA,,,,,,,,1.0,,,,,,,,,,,,,,,1.0,,,,,,,,,,,,,,
Ovalle,ISAPRE,,,1.0,,,,,,,,,,,,,,,,,,,,,,,,,,,,,,,,,,
Ovalle,,,,,,,,,,1.0,,,,,,,,,,,,,,,,,,,,,,,,,,,,
Padre Hurtado,DESCONOCIDO,,,,,,,,,,,,,,,,1.0,,,,,1.0,,,,,,,,,,,,,,,,
Padre Hurtado,FONASA,7.0,7.0,5.0,7.0,6.0,9.0,2.0,6.0,3.0,8.0,4.0,8.0,5.0,3.0,2.0,11.0,6.0,5.0,3.0,2.0,3.0,3.0,4.0,3.0,3.0,2.0,1.0,1.0,7.0,5.0,3.0,,,,,,
Padre Hurtado,ISAPRE,5.0,6.0,4.0,4.0,2.0,1.0,2.0,1.0,1.0,7.0,2.0,4.0,1.0,2.0,2.0,2.0,1.0,2.0,1.0,,1.0,1.0,,1.0,2.0,1.0,,1.0,1.0,3.0,3.0,,,,,,
Padre Hurtado,,,,,,,,,,6.0,,,,,,,,,,,,,,,,,,,,,,,,,,,,
Padre Las Casas,FONASA,,,,,,,,,,,,,,,,,,,,,1.0,,,,,3.0,,,,,,,,,,,
Paillaco,FONASA,,,,,,,,,,,,,,,,1.0,,,,,,,,,,,,,,,,,,,,,
Paine,CAPREDENA,,,,,,,,,,,,,1.0,,,,,,,,,,,,,,,,,,,,,,,,
Paine,DESCONOCIDO,1.0,2.0,2.0,2.0,1.0,1.0,2.0,2.0,2.0,3.0,2.0,2.0,,,,,,,,,,,,,,,,1.0,1.0,1.0,3.0,3.0,3.0,4.0,3.0,2.0,3.0
Paine,FONASA,7.0,10.0,6.0,5.0,6.0,10.0,5.0,9.0,8.0,3.0,6.0,9.0,4.0,6.0,8.0,8.0,9.0,5.0,3.0,4.0,4.0,5.0,5.0,4.0,6.0,7.0,4.0,7.0,6.0,7.0,9.0,3.0,3.0,3.0,6.0,5.0,2.0
Paine,ISAPRE,,2.0,,,,,,,,,,,1.0,,1.0,,,2.0,1.0,1.0,1.0,,1.0,1.0,2.0,2.0,4.0,3.0,3.0,3.0,6.0,,,,,,
Paine,,,,,,,,,,3.0,,,,,,,,,,,,1.0,,,,,,,,,,,,,,,,
Paine,NINGUNA,,,,,,,,,,,,,,,,1.0,1.0,1.0,,,,,1.0,2.0,3.0,2.0,2.0,2.0,1.0,3.0,3.0,1.0,1.0,4.0,2.0,2.0,2.0
Papudo,DESCONOCIDO,,,1.0,1.0,,,,,,,,,,,,,,,,,,,,1.0,1.0,1.0,,,,,,,,,,,
Papudo,ISAPRE,,,,1.0,1.0,,,,,,,,,,,,,,,,,,,2.0,1.0,1.0,,,,,,,,,,,
Papudo,,,,,,,,,,,,,,,,,,,,,,,,,2.0,,,,,,,,,,,,,
Pedro Aguirre Cerda,DESCONOCIDO,4.0,2.0,,,,,2.0,3.0,2.0,1.0,1.0,1.0,,,,,1.0,1.0,1.0,1.0,1.0,1.0,1.0,1.0,1.0,1.0,,1.0,2.0,1.0,1.0,,,,,,2.0
Pedro Aguirre Cerda,FONASA,13.0,15.0,16.0,12.0,8.0,4.0,6.0,6.0,7.0,1.0,4.0,4.0,6.0,3.0,5.0,8.0,9.0,7.0,2.0,4.0,2.0,8.0,5.0,8.0,10.0,7.0,8.0,5.0,5.0,12.0,9.0,5.0,3.0,1.0,2.0,3.0,4.0
Pedro Aguirre Cerda,ISAPRE,5.0,1.0,1.0,1.0,3.0,2.0,2.0,2.0,1.0,1.0,,,,,,,,,,,,,,,,,1.0,,,,1.0,1.0,1.0,,,,
Pedro Aguirre Cerda,,,,,,,,,,3.0,,,,,,,,,,,,,,,,,,,,,,,,,,,,
Pedro Aguirre Cerda,NINGUNA,,,,,,,,,,,,,,,,,,,,,,,,,,,1.0,1.0,1.0,1.0,1.0,1.0,1.0,1.0,,,
Pencahue,FONASA,,,,,,,,,,,,,,,,,,,,,,,,,,,,1.0,,,,,,,,,
Pencahue,ISAPRE,,,,,,,,,,,,,,,,,,,,,,,,,,,,,1.0,,,,,,,,
Peñaflor,DESCONOCIDO,2.0,,,,,,,1.0,1.0,1.0,2.0,2.0,1.0,1.0,1.0,1.0,,,,,,,,,,1.0,1.0,1.0,1.0,1.0,2.0,1.0,,,,1.0,
Peñaflor,FONASA,8.0,5.0,7.0,9.0,5.0,4.0,12.0,7.0,8.0,7.0,10.0,9.0,7.0,5.0,3.0,7.0,9.0,5.0,3.0,7.0,,1.0,4.0,7.0,4.0,1.0,,2.0,1.0,2.0,5.0,2.0,,,,1.0,1.0
Peñaflor,ISAPRE,4.0,1.0,3.0,1.0,,,1.0,1.0,3.0,2.0,1.0,1.0,1.0,1.0,1.0,,,1.0,,,1.0,1.0,,,,,,,1.0,2.0,,,,,,,
Peñaflor,,,,,,,,,1.0,3.0,,,,,,,,,,,,,,,,,,,,,,,,,,,,
Peñalolén,CAPREDENA,,,,,,,,,,,,,,,,,,,,,,1.0,,,1.0,1.0,,,,,,,,,,,
Peñalolén,DESCONOCIDO,1.0,4.0,3.0,2.0,1.0,1.0,3.0,4.0,3.0,3.0,3.0,1.0,1.0,3.0,,,,,,,,2.0,1.0,1.0,,2.0,,3.0,1.0,3.0,1.0,1.0,1.0,1.0,1.0,1.0,3.0
Peñalolén,FONASA,27.0,23.0,26.0,27.0,23.0,19.0,11.0,11.0,13.0,13.0,15.0,5.0,9.0,11.0,12.0,14.0,7.0,6.0,6.0,6.0,12.0,15.0,9.0,8.0,12.0,10.0,7.0,6.0,10.0,9.0,11.0,10.0,8.0,6.0,8.0,4.0,7.0
Peñalolén,ISAPRE,5.0,7.0,9.0,6.0,3.0,2.0,2.0,,,3.0,3.0,3.0,2.0,3.0,1.0,,1.0,,3.0,2.0,3.0,7.0,9.0,2.0,5.0,7.0,3.0,4.0,6.0,6.0,12.0,4.0,3.0,1.0,2.0,1.0,2.0
Peñalolén,,,,,,,,,,2.0,,,,,1.0,,,1.0,,,,,2.0,1.0,,,,,,,,,,,,,,
Peñalolén,NINGUNA,,,,,,,,,1.0,,2.0,,,,1.0,,,,,,1.0,1.0,1.0,1.0,,,,,,,,,,,,2.0,1.0
Pichilemu,DESCONOCIDO,,,,,,,,,,,,,,,,,,,,,,1.0,1.0,,,,,,,,,,,,,,
Pichilemu,FONASA,,,1.0,,,,,,,,,,,,,,,,1.0,1.0,1.0,,,,,,,,,,,,,,,,
Pichilemu,ISAPRE,,,,,,,,,,,,,,,,,,2.0,1.0,,,,,,,,,,,,,,,,,,
Pirque,DESCONOCIDO,1.0,1.0,,1.0,,2.0,3.0,2.0,3.0,3.0,2.0,,,,,,,,,,,1.0,,,,,,,1.0,1.0,1.0,,,,,,
Pirque,FONASA,1.0,5.0,4.0,8.0,5.0,15.0,9.0,8.0,6.0,9.0,8.0,4.0,3.0,1.0,1.0,2.0,1.0,,1.0,4.0,2.0,3.0,2.0,2.0,3.0,1.0,,,,,3.0,1.0,2.0,1.0,,,
Pirque,ISAPRE,,1.0,,1.0,,,,,,1.0,,,,,1.0,,,,,,,,,,1.0,,1.0,1.0,2.0,,,,,,,,
Pirque,,,,,,,,,,5.0,,,,,,,,,,,,,,,,,,,,,,,,,,,,
Pirque,NINGUNA,,1.0,,,,,,,,,1.0,,,,,,,,,,,,,,,,,,,1.0,,,,,,,
Porvenir,DESCONOCIDO,,,,,,,,,,,,,,,,,,,,,,,,,,,,,,1.0,1.0,1.0,1.0,1.0,1.0,1.0,1.0
Providencia,DESCONOCIDO,5.0,4.0,8.0,6.0,4.0,4.0,3.0,3.0,3.0,3.0,3.0,2.0,2.0,2.0,2.0,5.0,5.0,3.0,2.0,3.0,5.0,3.0,6.0,5.0,8.0,6.0,7.0,9.0,9.0,15.0,19.0,8.0,7.0,4.0,5.0,5.0,4.0
Providencia,FONASA,6.0,4.0,10.0,9.0,4.0,2.0,3.0,4.0,3.0,4.0,6.0,3.0,4.0,7.0,7.0,7.0,5.0,3.0,3.0,3.0,1.0,4.0,5.0,2.0,5.0,4.0,1.0,10.0,3.0,8.0,9.0,2.0,2.0,1.0,2.0,4.0,8.0
Providencia,ISAPRE,6.0,8.0,10.0,12.0,11.0,8.0,10.0,12.0,13.0,8.0,7.0,9.0,8.0,10.0,7.0,7.0,7.0,5.0,5.0,7.0,5.0,10.0,12.0,17.0,8.0,9.0,13.0,9.0,21.0,19.0,16.0,3.0,2.0,3.0,3.0,2.0,2.0
Providencia,,,,,,,2.0,3.0,,5.0,1.0,,,,,,,,,,,,,2.0,,,1.0,2.0,,2.0,,,,,,,,
Providencia,NINGUNA,,,,,,,1.0,,,,,,,,,,,,,,,,,1.0,1.0,,,1.0,,,,2.0,3.0,3.0,3.0,3.0,3.0
Puchuncaví,DESCONOCIDO,,,,,,,,,,,,,,,,,,,,,,,,,,,,,1.0,,,,,,,,
Puchuncaví,FONASA,,,,,,,1.0,1.0,1.0,,,,,,,1.0,,,,,,,,,,,,,1.0,,,,,,,,
Puchuncaví,ISAPRE,,,,,,,,,,,,,,,,,,,,,,,,,,,,,1.0,,,,,,,,
Pucón,FONASA,,,,,,,,,,,,,,,,,,,,,,,,,,,,,1.0,,1.0,,,,,,
Pucón,ISAPRE,,,,,,,,,,,,,,,,,,,,,,,,,,,,,,,1.0,,,,,,
Pudahuel,DESCONOCIDO,3.0,4.0,4.0,3.0,1.0,,2.0,,,,,,,1.0,1.0,6.0,3.0,1.0,1.0,1.0,3.0,2.0,1.0,2.0,2.0,2.0,,2.0,3.0,3.0,3.0,3.0,3.0,1.0,8.0,7.0,8.0
Pudahuel,FONASA,23.0,18.0,17.0,19.0,9.0,13.0,16.0,13.0,8.0,12.0,7.0,4.0,9.0,6.0,2.0,18.0,8.0,6.0,6.0,4.0,6.0,5.0,5.0,3.0,7.0,6.0,2.0,5.0,14.0,6.0,7.0,3.0,1.0,,5.0,4.0,1.0
Pudahuel,ISAPRE,1.0,1.0,3.0,5.0,3.0,2.0,3.0,2.0,1.0,2.0,1.0,,,2.0,3.0,5.0,1.0,1.0,3.0,2.0,3.0,3.0,1.0,1.0,3.0,3.0,1.0,2.0,1.0,2.0,,,,,1.0,1.0,3.0
Pudahuel,,,,,,1.0,,,,7.0,,,2.0,,,,,,,,,,,,,,,,,,,,,,,,,
Pudahuel,NINGUNA,4.0,1.0,,,1.0,,,1.0,1.0,,,,,,,,,,,,,,1.0,1.0,1.0,1.0,1.0,1.0,1.0,1.0,,,,,,,
Puente Alto,CAPREDENA,1.0,1.0,2.0,1.0,,,,,,,1.0,,,,,,,,,,,,,,,,,,,,,,,,,,
Puente Alto,DESCONOCIDO,6.0,6.0,8.0,10.0,8.0,4.0,6.0,5.0,3.0,7.0,4.0,4.0,1.0,1.0,1.0,4.0,3.0,2.0,3.0,2.0,1.0,2.0,2.0,3.0,4.0,3.0,2.0,4.0,1.0,,1.0,1.0,1.0,2.0,2.0,1.0,4.0
Puente Alto,DIPRECA,,,1.0,,,,,,,,,,,,,,,,,,,,,,,,,,,,,,,,,,
Puente Alto,FONASA,67.0,81.0,82.0,49.0,51.0,55.0,57.0,53.0,49.0,49.0,41.0,35.0,27.0,36.0,37.0,31.0,32.0,25.0,19.0,23.0,24.0,38.0,38.0,22.0,32.0,34.0,21.0,31.0,37.0,40.0,33.0,10.0,8.0,9.0,2.0,5.0,4.0
Puente Alto,ISAPRE,13.0,12.0,4.0,8.0,5.0,5.0,5.0,4.0,5.0,6.0,10.0,5.0,5.0,4.0,2.0,6.0,9.0,7.0,8.0,5.0,6.0,5.0,4.0,8.0,8.0,7.0,3.0,3.0,2.0,5.0,4.0,1.0,1.0,,1.0,1.0,
Puente Alto,,2.0,,1.0,1.0,,,2.0,,23.0,,,,,,,,,,,,1.0,,1.0,,1.0,,,,,1.0,,,,,,,
Puente Alto,NINGUNA,1.0,2.0,,,,,1.0,,,,,,,,,,1.0,1.0,,,,,,1.0,,,,,,1.0,,,,,,,1.0
Puerto Montt,DESCONOCIDO,,,,,,2.0,2.0,2.0,2.0,2.0,2.0,1.0,2.0,1.0,,,,,1.0,,,,,,,,,,,,,,,,,,1.0
Puerto Montt,FONASA,4.0,1.0,2.0,1.0,2.0,7.0,2.0,4.0,4.0,2.0,1.0,3.0,4.0,4.0,1.0,4.0,1.0,1.0,1.0,1.0,,1.0,1.0,,,,,,,2.0,2.0,,,,,,
Puerto Montt,ISAPRE,,,,,,1.0,,,,,,3.0,1.0,,,2.0,,,,,,,,,,,,,2.0,2.0,,,,,,,
Puerto Montt,,1.0,,1.0,1.0,,,,,3.0,,,,,,,,,,,,,,,1.0,1.0,1.0,,1.0,1.0,1.0,,,,,,,
Puerto Montt,NINGUNA,,,,,,,,,,,,,1.0,,,,,,,,,,,,,,,,,,,,,,,,
Puerto Octay,FONASA,,,,,,1.0,,,,,,,,,,,,,,,,,,,,,,,,,,,,,,,
Puerto Varas,DESCONOCIDO,,,,,,,,,,,,,,,,,,,,,,,,,,2.0,,,,,,,,,,,
Puerto Varas,FONASA,,,,,1.0,,,,,,,,1.0,,,,,,,,,,,,,,,,,,,,,,,,
Puerto Varas,ISAPRE,,,,1.0,,,,,,,,,,,,,,,,,,,,,,,,,,,,,,,,,
Punta Arenas,DESCONOCIDO,,,,,,,,,,,,,,,,,,,,,,,,,,1.0,,,,,,,,,1.0,1.0,
Punta Arenas,FONASA,,,,1.0,2.0,,1.0,,,,,,,,,,,,,,,,,,,,,,,,,,,1.0,,,1.0
Punta Arenas,ISAPRE,,,1.0,,,,,,1.0,,,,,,,,,,,,,,,,,,,,1.0,1.0,,,,,,,
Punta Arenas,NINGUNA,,,,,,,,,,,,,,1.0,,,,,,,,,,,,,,,,,,,,,,,
Purranque,FONASA,,,,,,,1.0,1.0,4.0,3.0,2.0,1.0,1.0,1.0,1.0,,,,,,,,,,,,,,,,,,,,,,
Purén,FONASA,,,,,,,,1.0,1.0,,1.0,,,1.0,,,,,,,,,,,,,,,,,,,,,,,
Putaendo,FONASA,,,,,,,,,,,,,,,,,,,,,,,,,,1.0,,,,,,,,,,,
Puyehue,DESCONOCIDO,,,,,,,,,,,,,1.0,,,,,,,,,,,,,,,,,,,,,,,,
Puyehue,ISAPRE,,,,,,,,,,,,,,1.0,1.0,,,,,,,,,,,,,,,,,,,,,,
Quellón,FONASA,,,,,,,,,,,,,,,,,,,,,,,1.0,,,,,,,,,,,,,,1.0
Quilicura,DESCONOCIDO,4.0,4.0,3.0,1.0,2.0,2.0,4.0,2.0,1.0,2.0,2.0,2.0,2.0,2.0,1.0,1.0,1.0,1.0,1.0,1.0,1.0,,,,,,,,,,5.0,2.0,1.0,,,1.0,1.0
Quilicura,FONASA,26.0,27.0,16.0,18.0,17.0,17.0,19.0,21.0,16.0,21.0,25.0,27.0,18.0,16.0,13.0,22.0,9.0,11.0,9.0,15.0,17.0,16.0,22.0,20.0,20.0,22.0,13.0,14.0,15.0,14.0,19.0,4.0,4.0,4.0,2.0,3.0,3.0
Quilicura,ISAPRE,10.0,6.0,6.0,5.0,5.0,2.0,6.0,2.0,2.0,4.0,3.0,3.0,3.0,1.0,1.0,2.0,,2.0,1.0,2.0,,3.0,1.0,5.0,3.0,,6.0,5.0,2.0,4.0,2.0,2.0,2.0,2.0,2.0,1.0,1.0
Quilicura,,,,,,,,,,8.0,,,,,,,,,,,,,,,,,1.0,1.0,,1.0,,,,,,,,
Quilicura,NINGUNA,1.0,1.0,1.0,1.0,1.0,1.0,,,,,,,,,,1.0,1.0,1.0,1.0,1.0,1.0,1.0,1.0,1.0,,,,,1.0,1.0,,,,,,,
Quillota,DESCONOCIDO,,,,,,,,,,,,,,,,,,,,,,,,,2.0,2.0,2.0,3.0,,,,,,,,1.0,1.0
Quillota,FONASA,,,,1.0,,,1.0,,,,,,,,,,,,,,,,,,2.0,,,,,,,,,,,,
Quillota,ISAPRE,,,,,,,,,,,,,,,,,,,,,,,1.0,1.0,,,,,,,,,,,,,
Quillota,,,,,,,,,,,,,,,,,,,,,,,,,,,,1.0,,,,,,,,,,
Quillota,NINGUNA,,,,,,,,,,,,,,,,,,1.0,,,,,,,,,,,,,,,,,,,
Quillón,FONASA,,,,,,,,,,,,,,,,,,,,,,,,,1.0,,,,,1.0,,,,,,,
Quilpue,DESCONOCIDO,,,1.0,,,,,,,,,,,,,,,,,,,,,,,,,,,,,,,,1.0,1.0,1.0
Quilpue,FONASA,,,,,1.0,1.0,2.0,,,1.0,,,,,,,1.0,,,,,,,,,1.0,3.0,1.0,1.0,1.0,1.0,,,,,,
Quilpue,ISAPRE,,,,,,,,2.0,,1.0,,,,,,,,,,1.0,,1.0,,,,,,,2.0,1.0,1.0,,,,,,
Quilpue,,,,,,,,1.0,,,,,1.0,,,,,,,,,,,,,,,,,,,1.0,,,,,,
Quinta Normal,DESCONOCIDO,4.0,3.0,6.0,2.0,2.0,2.0,1.0,2.0,2.0,1.0,,2.0,2.0,4.0,3.0,3.0,3.0,,,1.0,3.0,,1.0,3.0,3.0,3.0,2.0,2.0,2.0,,2.0,1.0,1.0,,1.0,1.0,
Quinta Normal,FONASA,23.0,16.0,19.0,13.0,12.0,12.0,7.0,9.0,7.0,13.0,6.0,7.0,8.0,8.0,8.0,8.0,6.0,5.0,3.0,6.0,10.0,9.0,6.0,8.0,10.0,7.0,8.0,7.0,7.0,11.0,5.0,2.0,3.0,2.0,2.0,3.0,4.0
Quinta Normal,ISAPRE,7.0,1.0,,1.0,2.0,,1.0,1.0,3.0,4.0,4.0,4.0,2.0,2.0,2.0,1.0,2.0,3.0,3.0,3.0,2.0,2.0,2.0,1.0,2.0,,,,1.0,1.0,1.0,,,,2.0,2.0,2.0
Quinta Normal,,,,,,,,,,7.0,,,,,,,,,,,,,1.0,2.0,,,,,,,,,,,,,,
Quinta Normal,NINGUNA,1.0,1.0,1.0,1.0,2.0,2.0,,,1.0,,,,1.0,,,,,,,1.0,1.0,,,,,1.0,,,,,,1.0,1.0,1.0,1.0,1.0,1.0
Quintero,FONASA,,,,,,,,,,,1.0,,,,,,,,,,,,,1.0,,,,1.0,,,,,,,,,
Quintero,ISAPRE,,,,,,,,,,,,,,,,,,,,,,1.0,,,,,,,,3.0,,,1.0,,,,
Quintero,,2.0,1.0,1.0,,,,,,,,,,,,,,,,,,,,,,,,,,,,,,,,,,
Rancagua,DESCONOCIDO,,,,,,,,,,,,,,,,,,,,,,,,,,1.0,,,,,,,,,,,
Rancagua,FONASA,2.0,1.0,1.0,1.0,,1.0,,,,,,,,,,,,,,,,,,,,,,,,,1.0,,,,,,
Rancagua,ISAPRE,,,,,1.0,,,,,,,,,,,,,,,,,,,,,,,,1.0,,1.0,,,,,,
Rancagua,,,1.0,,,,,,,,,,,,,,,,,,,,,,,,,,,,,,,,,,,
Rancagua,NINGUNA,,,,,,,,,,,,,,,,,,,,,,,,1.0,,,,,,,,,,,,,
Rauco,FONASA,,,,,,,,,,,,,,,,,,,,,,,,,,,,,1.0,,,,,,,,
Recoleta,CAPREDENA,2.0,1.0,1.0,,,,,,,,,,,,,,,,,,,,,,,,,,,,,,,,,,
Recoleta,DESCONOCIDO,,2.0,1.0,2.0,2.0,1.0,2.0,1.0,2.0,1.0,1.0,4.0,1.0,1.0,,,1.0,,1.0,1.0,,,,,,,,,,,,1.0,1.0,1.0,2.0,2.0,3.0
Recoleta,FONASA,24.0,27.0,29.0,17.0,16.0,22.0,18.0,19.0,22.0,24.0,21.0,16.0,12.0,18.0,15.0,16.0,9.0,12.0,10.0,10.0,12.0,13.0,11.0,8.0,11.0,8.0,5.0,7.0,6.0,11.0,6.0,2.0,1.0,1.0,2.0,2.0,3.0
Recoleta,ISAPRE,9.0,5.0,6.0,3.0,3.0,3.0,3.0,3.0,2.0,5.0,7.0,6.0,4.0,3.0,3.0,5.0,3.0,2.0,1.0,1.0,4.0,3.0,1.0,1.0,2.0,1.0,,2.0,2.0,2.0,2.0,1.0,1.0,1.0,1.0,,1.0
Recoleta,,,,,1.0,,,,,7.0,,1.0,,,,,,,,,,,,,,,,,,,,,,,,,,
Recoleta,NINGUNA,,,,,1.0,1.0,,,,,,,,,1.0,,,1.0,,,,,,,1.0,1.0,,,,,,,,,,,
Renca,DESCONOCIDO,1.0,,1.0,1.0,1.0,1.0,5.0,3.0,2.0,2.0,2.0,1.0,1.0,1.0,,,,,,,,,,,,,,,,,,,,,,,
Renca,FONASA,16.0,9.0,9.0,5.0,2.0,2.0,7.0,7.0,7.0,5.0,6.0,5.0,5.0,4.0,2.0,5.0,5.0,5.0,4.0,6.0,3.0,2.0,4.0,2.0,,,3.0,8.0,4.0,4.0,2.0,1.0,1.0,1.0,3.0,,1.0
Renca,ISAPRE,,,,1.0,,,,1.0,1.0,,,,1.0,,,4.0,1.0,1.0,2.0,2.0,2.0,,,,,,1.0,2.0,1.0,1.0,1.0,1.0,1.0,1.0,1.0,1.0,1.0
Renca,,,,,,,,1.0,,2.0,,,,,,,,,,,,,,,,,,,,,,,,,,,,
Rengo,FONASA,,,,1.0,,,,,,,,,,,,,,,,,,,,,,,,,,,,,,,,,
Requínoa,DESCONOCIDO,,,,,,,,,,,,,,,,,,,,,,,,,,,,1.0,,,,,,,,,
Requínoa,FONASA,,,,,,,,,,,,,,,,,,,,,,,,,,,,1.0,1.0,,,,,,,,
Río Bueno,FONASA,,,,,,,1.0,,,,,,,,,,,,,,,,,,,,,,,,,,,,,,
Río Claro,FONASA,,,,,,,,,,,,,,,,,,,,,,,,,,1.0,1.0,,,,,,,1.0,,,
Salamanca,DESCONOCIDO,,1.0,,,,,,,,,,,,,,,,,,,,,,,,,,,,,,,,,,,
Salamanca,FONASA,,,,,,,,,1.0,,,,,,,,,,,,,,,,,,,,,,,,,,,,
Salamanca,ISAPRE,,,,,,1.0,,,,1.0,,,,,,,,,,,,,,,,,,,,,,,,,,,
Salamanca,,1.0,,,,,,,,,,,,,,,,,,,,,,,,,,,,,,,,,,,,
San Antonio,DESCONOCIDO,,,,,,,,,,,,,,,,,,,,,,,,,,,,,,1.0,1.0,1.0,1.0,1.0,,,
San Antonio,FONASA,,1.0,1.0,,,1.0,1.0,,1.0,,2.0,,,,,,,1.0,,,,,,,,,,1.0,1.0,1.0,1.0,,,,,,
San Antonio,ISAPRE,,,,,,,,,,,,,,,1.0,,,,,,,,,,,,,,,1.0,,,,,,,
San Antonio,,2.0,1.0,1.0,,,,,,,,,,,,,,,,,,,,,,,,,,,,,,,,,,
San Bernardo,CAPREDENA,,,,,,,,,,,,,,,,,,,,,,,1.0,,,,,,,,,,,,,,
San Bernardo,DESCONOCIDO,6.0,7.0,9.0,6.0,6.0,4.0,8.0,2.0,1.0,1.0,,1.0,1.0,3.0,2.0,5.0,2.0,4.0,3.0,4.0,5.0,4.0,2.0,2.0,,,,1.0,,1.0,2.0,2.0,1.0,1.0,1.0,1.0,1.0
San Bernardo,FONASA,36.0,41.0,40.0,28.0,19.0,24.0,25.0,27.0,23.0,15.0,15.0,12.0,13.0,12.0,11.0,20.0,21.0,15.0,9.0,7.0,12.0,12.0,11.0,10.0,11.0,8.0,11.0,10.0,13.0,11.0,12.0,9.0,8.0,5.0,5.0,3.0,2.0
San Bernardo,ISAPRE,1.0,2.0,3.0,1.0,,,,2.0,,,2.0,2.0,1.0,1.0,1.0,1.0,2.0,1.0,1.0,,1.0,1.0,1.0,,,,1.0,2.0,1.0,2.0,1.0,,,,,,
San Bernardo,,,,1.0,,,3.0,,,13.0,,,,,,,,,1.0,,,,,,,,1.0,1.0,,,,,,,,,,
San Bernardo,NINGUNA,,,,,1.0,,,,,2.0,,,,,,,,,,,,,,,,,,,,1.0,1.0,1.0,1.0,1.0,1.0,1.0,1.0
San Carlos,FONASA,,,,,,,,,,,,,,,,,,,,,,,,,,,,1.0,,,,,,,,,
San Carlos,,,,,,,,,,,,,,,,,,,,,,,,,,,,,,1.0,1.0,1.0,,,,,,
San Clemente,FONASA,,,,,,,,,,,,,,,,1.0,,,,,,,,,,,,,,,,,,,,,
San Felipe,FONASA,,1.0,,,,,,,1.0,1.0,,,,,,,,,,,,,,,,,,,,,,,,,,,
San Felipe,ISAPRE,,,,,,,,,,,,,,,,,,,,,,,1.0,,,,,,,,,,,,,,
San Fernando,FONASA,,,,,,,,,,,,,,,,1.0,,1.0,,,,,,,,,,,,,,,,,,,
San Fernando,ISAPRE,,,,,,,,,,,,,1.0,1.0,,,,,,,,,,,,,,,,,,,,,,,
San Javier,,,,,,1.0,,,,,,,,,,,,,,,,,,,,,,,,,,,,,,,,
San Joaquín,DESCONOCIDO,3.0,,3.0,2.0,2.0,1.0,1.0,1.0,,,1.0,,,,,,,,,,1.0,1.0,1.0,,,,,1.0,,,2.0,1.0,1.0,,,2.0,2.0
San Joaquín,FONASA,7.0,7.0,6.0,9.0,5.0,4.0,6.0,4.0,3.0,,3.0,1.0,2.0,2.0,2.0,5.0,4.0,4.0,3.0,2.0,3.0,1.0,4.0,6.0,6.0,3.0,3.0,5.0,9.0,6.0,9.0,4.0,4.0,6.0,8.0,9.0,7.0
San Joaquín,ISAPRE,2.0,,,,,,1.0,2.0,1.0,3.0,3.0,2.0,2.0,4.0,2.0,1.0,,1.0,,,,1.0,1.0,,,,1.0,1.0,1.0,1.0,,,,,,,1.0
San Joaquín,,,,,,,,,,3.0,,,,,,,,,,,,,,1.0,,,,,,,,,,,,,,
San Joaquín,NINGUNA,,,,,,,,,,,,,1.0,,,,,,,,,,,,3.0,2.0,,1.0,,,,,,,,1.0,
San José de Maipo,DESCONOCIDO,,,,,,,,,,,,,1.0,,,,,,1.0,,,,,,,,,2.0,1.0,1.0,,,,,,,
San José de Maipo,FONASA,3.0,3.0,3.0,3.0,3.0,3.0,4.0,3.0,2.0,1.0,1.0,,,1.0,,3.0,1.0,,,,1.0,,,2.0,2.0,,,,1.0,,,,,,1.0,1.0,
San José de Maipo,ISAPRE,1.0,,,,,,,,,,,,,,,,1.0,,,,,,1.0,,,,,,,,,,,,,,
San Juan de la Costa,FONASA,,,,,1.0,1.0,1.0,,1.0,,,,,,,,,,,,,,,,,,,,,,,,,,,,
San Miguel,DESCONOCIDO,8.0,4.0,4.0,4.0,2.0,2.0,2.0,2.0,2.0,2.0,2.0,1.0,1.0,2.0,2.0,2.0,3.0,4.0,5.0,3.0,2.0,1.0,,1.0,1.0,1.0,1.0,1.0,2.0,2.0,3.0,1.0,1.0,1.0,1.0,3.0,3.0
San Miguel,FONASA,8.0,11.0,6.0,6.0,2.0,3.0,6.0,5.0,4.0,4.0,9.0,10.0,3.0,2.0,3.0,5.0,6.0,4.0,3.0,6.0,2.0,6.0,4.0,6.0,9.0,5.0,3.0,7.0,8.0,6.0,7.0,3.0,3.0,2.0,3.0,3.0,2.0
San Miguel,ISAPRE,5.0,4.0,1.0,2.0,2.0,,2.0,3.0,1.0,2.0,4.0,4.0,3.0,2.0,,,3.0,2.0,,2.0,1.0,2.0,4.0,2.0,2.0,1.0,2.0,5.0,4.0,6.0,8.0,4.0,2.0,,,2.0,4.0
San Miguel,,,,,,,,,,5.0,,,,,,,,,,,,,,,,,,2.0,,,,,,,,,,
San Miguel,NINGUNA,1.0,1.0,1.0,,,,,1.0,2.0,1.0,,,,1.0,,,,,1.0,1.0,,,,,,,,1.0,,1.0,,,,,,,
San Pablo,FONASA,,1.0,1.0,1.0,1.0,1.0,1.0,1.0,1.0,,,,,,,,,,,,,,,,,,,,,,,,,,,,
San Pedro,DESCONOCIDO,,,,1.0,,,,,,,,,,,,,,,,,,,,,,,,,,,,,,,,,
San Pedro,FONASA,,2.0,4.0,5.0,4.0,4.0,6.0,7.0,4.0,3.0,1.0,1.0,1.0,2.0,2.0,,1.0,,,,2.0,2.0,1.0,1.0,1.0,1.0,,,,,,,,,,,
San Pedro,ISAPRE,,,,1.0,1.0,,,,,,,,,,,,,,,,,,,,,,,,,,,,,,,,
San Pedro,,,,,,,,,,3.0,,,,,,,,,,,,,,,,,,,,,,,,,,,,
San Pedro de la Paz,DESCONOCIDO,,,,,,,,,,,,,,1.0,,,,,,,,,,,,,,,,,,,,,,,
San Pedro de la Paz,FONASA,1.0,,,,,,1.0,,,,,,,1.0,,,,,,,,,,,,,1.0,,,,,,,,,,
San Pedro de la Paz,ISAPRE,,,,,,,,,,,,,,,,,,,,1.0,1.0,,1.0,,,,,,,,1.0,,,,,,
San Pedro de la Paz,,,,,,,,,,,,,,,,,,,,,,,,,,,,,,,,1.0,,,,,,
San Pedro de la Paz,NINGUNA,,,,,,,,,,,,,,,,,,,,,,,,1.0,1.0,,,,,,,,,,,,
San Ramón,DESCONOCIDO,,,,2.0,,,,,,,,,,,,1.0,1.0,1.0,1.0,,1.0,,,,1.0,,,,,,,,,,,,1.0
San Ramón,FONASA,4.0,8.0,10.0,9.0,6.0,5.0,7.0,5.0,4.0,7.0,9.0,5.0,6.0,9.0,4.0,5.0,4.0,5.0,3.0,2.0,5.0,8.0,5.0,3.0,7.0,6.0,4.0,4.0,6.0,9.0,10.0,4.0,4.0,2.0,1.0,1.0,3.0
San Ramón,ISAPRE,2.0,3.0,2.0,1.0,1.0,1.0,,1.0,,,1.0,,,,,1.0,,,,,,1.0,,,1.0,,,,,,2.0,,,,,,
San Ramón,,,,,,,,,,4.0,,,,,,,,,,,,,,,,,,,,,,,,,,,,
San Vicente,DESCONOCIDO,,,,,,,,,,,,,,,,,,,,,,,1.0,,,,,,,,,,,,,,
Santa Juana,FONASA,,,,,,,,,,,,,,,,,,,,,,,1.0,1.0,1.0,1.0,1.0,,,,,,,,,,
Santa Juana,ISAPRE,,,,,,,,,,,,,,,,,,,,,,1.0,,,,,,,,,,,,,,,
Santiago,CAPREDENA,,,,,,,,,,,,,,,,,,,,,,,,,,,,,,,1.0,,,,,,
Santiago,DESCONOCIDO,25.0,22.0,28.0,25.0,15.0,15.0,20.0,17.0,11.0,17.0,16.0,21.0,24.0,32.0,28.0,33.0,40.0,29.0,29.0,26.0,27.0,27.0,24.0,29.0,25.0,25.0,18.0,23.0,28.0,36.0,36.0,16.0,16.0,21.0,27.0,40.0,45.0
Santiago,DIPRECA,,,,1.0,,,,1.0,,,,,,,,,,,,,,,,,,,,,,,,,,,,,
Santiago,FONASA,66.0,59.0,40.0,41.0,31.0,23.0,27.0,27.0,23.0,30.0,41.0,41.0,42.0,54.0,42.0,50.0,53.0,29.0,22.0,28.0,32.0,43.0,33.0,25.0,34.0,31.0,33.0,42.0,43.0,61.0,57.0,25.0,23.0,21.0,16.0,18.0,20.0
Santiago,ISAPRE,19.0,18.0,15.0,9.0,8.0,7.0,16.0,18.0,15.0,11.0,9.0,8.0,5.0,7.0,8.0,13.0,12.0,15.0,11.0,11.0,11.0,17.0,12.0,14.0,12.0,14.0,12.0,17.0,26.0,34.0,26.0,5.0,6.0,3.0,4.0,5.0,6.0
Santiago,,,,,3.0,,1.0,5.0,1.0,30.0,,,,,3.0,,,,1.0,,2.0,1.0,1.0,2.0,,2.0,,,,6.0,,,,,,,,
Santiago,NINGUNA,3.0,2.0,4.0,2.0,3.0,2.0,1.0,2.0,,,2.0,1.0,,1.0,2.0,2.0,1.0,2.0,2.0,2.0,2.0,3.0,2.0,6.0,4.0,2.0,2.0,4.0,2.0,3.0,6.0,1.0,1.0,1.0,2.0,5.0,4.0
Santo Domingo,FONASA,,,,,1.0,,,,,,,,,,,,,,,,,,,1.0,,,,,,,,,,,,,
Santo Domingo,ISAPRE,,,,,2.0,,,,,,,,,,,,,,,,,,,,1.0,,,,,,,,,,,,
Santo Domingo,,,,,,,,,,,,,,,,,,,,,,,,,,,1.0,,,,,,,,,,,
Santo Domingo,NINGUNA,,,,,,,,,,,,,1.0,,,,,,,,,,,,,,,,,,,,,,,,
Sin Datos,DESCONOCIDO,1.0,1.0,2.0,2.0,3.0,3.0,3.0,3.0,2.0,2.0,2.0,1.0,,,,1.0,2.0,3.0,3.0,3.0,2.0,,,1.0,,,,,,,,,,,,,
Sin Datos,FONASA,2.0,1.0,,3.0,3.0,2.0,1.0,3.0,2.0,2.0,1.0,1.0,1.0,1.0,2.0,3.0,4.0,3.0,3.0,3.0,3.0,2.0,1.0,2.0,2.0,2.0,2.0,3.0,1.0,1.0,1.0,2.0,1.0,1.0,1.0,1.0,1.0
Sin Datos,ISAPRE,,,,,1.0,,,,,,1.0,2.0,2.0,2.0,,1.0,1.0,,,,,,1.0,2.0,2.0,1.0,1.0,1.0,1.0,,,,,,1.0,,
Sin Datos,,,,,,,,,,4.0,,,,,,,,,,,,,,,,,,,,,,,,,,,,
Sin Datos,NINGUNA,,,1.0,1.0,1.0,1.0,1.0,1.0,,,,,,,,,,,,,,,,,,,,,,,,,,,,,1.0
Talagante,DESCONOCIDO,,,,,,,1.0,,,,,,,,,,,,,,,,,,,,,,,,,,,,,,
Talagante,FONASA,8.0,8.0,8.0,12.0,7.0,3.0,6.0,3.0,3.0,6.0,4.0,2.0,2.0,1.0,,6.0,2.0,3.0,1.0,1.0,3.0,5.0,3.0,4.0,5.0,7.0,3.0,5.0,4.0,7.0,7.0,,,,,,1.0
Talagante,ISAPRE,2.0,1.0,1.0,2.0,1.0,,,,,,,1.0,1.0,1.0,1.0,1.0,3.0,1.0,,,2.0,,2.0,1.0,3.0,1.0,1.0,,2.0,4.0,3.0,,,,,1.0,
Talagante,,,,,,,,,,1.0,,,,,,,,,2.0,,,,,,,,,,,,,,,,,,,
Talca,DESCONOCIDO,,,,,,,,,,,,,,,,,,,,,1.0,,,,,,,,,,,,,,,,
Talca,FONASA,,,,,,,,,1.0,,,,1.0,,,,,,,,,,,,,1.0,,,,,,,,,,1.0,
Talca,ISAPRE,,,,,,,,,,,,,,,,,,,1.0,,1.0,,,,,,,,,1.0,,,,,,,
Talca,,,,,,,,,,,,,,,,,,,,,,2.0,,,,,,,,,,,,,,,,
Talcahuano,DESCONOCIDO,,,,,,,,,,,,,,,,,,,,,,,,,,,,,,1.0,1.0,1.0,1.0,1.0,1.0,1.0,
Talcahuano,FONASA,,,,,,1.0,,,,,,1.0,,,,,,,,,,,,,,,,,,,,,,,,,
Talcahuano,ISAPRE,,,,,,,,,,,,,,,,,,,,,,,,,,1.0,1.0,,,,,,,,,,
Temuco,FONASA,1.0,2.0,1.0,1.0,1.0,1.0,1.0,1.0,,,,,,,,,,,1.0,1.0,,,,1.0,,,,,,,,,,1.0,1.0,,
Temuco,ISAPRE,,,,,1.0,1.0,1.0,1.0,1.0,,,1.0,,,1.0,1.0,,,,,,,,1.0,,,,,,1.0,1.0,,,,,,
Temuco,,,,,,,,,,1.0,,,,,,,,,,,1.0,,,,,,,,,,,,,,,,,
Temuco,NINGUNA,,,,,,,,,,,,,,,,,,,,,,,,,,,,,1.0,1.0,,,,,,,
Teodoro Schmidt,FONASA,,,1.0,,,,,,,,,,,,,,,,,,,,,,,,,,,1.0,,,,,,,
Tiltil,DESCONOCIDO,,,,,,,,,,,1.0,,,,,,,,,,,,,,,,,,,,,,,,,,
Tiltil,FONASA,8.0,5.0,4.0,3.0,3.0,1.0,2.0,1.0,1.0,,,4.0,,,2.0,,,2.0,,1.0,1.0,,,,1.0,,2.0,2.0,2.0,2.0,2.0,,,1.0,1.0,,
Tiltil,ISAPRE,,,2.0,2.0,1.0,,,,,,2.0,2.0,3.0,3.0,,,,,,,,,,,,,,,1.0,,,,,,,,
Tiltil,,,,,,,,,,1.0,,,,,1.0,,,,,,,,,,,,,,,,,,,,,,,
Tirúa,FONASA,,,,,,,,,,,,,,,,,,,,,,,,,1.0,,,,,,,,,,,,
Tocopilla,FONASA,,,,,,,,1.0,1.0,1.0,1.0,1.0,1.0,1.0,1.0,1.0,1.0,,,,,,,,,,,,,,,,,,,,1.0
Toltén,FONASA,,,,,,,,,,,,,,,,,,,,,,,,1.0,,,,,,,,,,,,,
Tome,FONASA,,,,,,,,,,,,,1.0,,,,,,,,,,,,,,,,,,,,,,,,
Torres del Paine,DESCONOCIDO,,,,,,,,,,,,,1.0,1.0,1.0,1.0,1.0,1.0,1.0,1.0,1.0,1.0,,1.0,1.0,1.0,,,,,,,,,,,
Valdivia,DESCONOCIDO,1.0,1.0,1.0,,,,,,,,,,,,,,,,,,,1.0,1.0,1.0,1.0,1.0,2.0,1.0,,,,,,,,,
Valdivia,FONASA,,,1.0,,,,,,,1.0,,,,1.0,2.0,,,1.0,,,,,1.0,,,,,,,,2.0,1.0,,1.0,,,
Valdivia,ISAPRE,,,,,,,,,,,,,,,,1.0,1.0,,,2.0,,,2.0,,,,,,,,1.0,,,,,,
Valdivia,,,,,,,,,,1.0,,,,,,,,,,,,,,,,,,,,,,,,,,,,
Valparaiso,CAPREDENA,,,,,,,,,,,1.0,,,,,,,,,,,,,,,,,,,,,,,,,,
Valparaiso,DESCONOCIDO,,,1.0,,,2.0,1.0,,,,,,,,,,,1.0,,,,,,,,,,,,1.0,,,1.0,1.0,1.0,,
Valparaiso,FONASA,3.0,1.0,2.0,2.0,1.0,2.0,3.0,4.0,2.0,4.0,,1.0,,2.0,3.0,,1.0,,,1.0,1.0,1.0,,1.0,1.0,,,,2.0,3.0,1.0,2.0,1.0,1.0,1.0,,
Valparaiso,ISAPRE,,,,,,,,,,,,,,,,,1.0,1.0,,,,,,,1.0,1.0,1.0,,1.0,,,,,,,,
Valparaiso,,,,,,,,,,2.0,,1.0,1.0,1.0,2.0,,,,,1.0,,,,,,,,1.0,,,,,,,,,,
Valparaiso,NINGUNA,,,,,,,,,,,,,,1.0,1.0,1.0,1.0,1.0,1.0,1.0,,,,,,,,,,,,,,,2.0,2.0,2.0
Victoria,FONASA,,,,,,,,,,,,,,,,,,,,1.0,,,,,,,,,,,,,,,,,
Vicuña,FONASA,,,,,,,,,,,1.0,,,,,,,,,,,,,,,,,,,,,,,,,,
Vicuña,,,,,,,,,1.0,1.0,,,,,,,,,,,,,,,,,,,,,,,,,,,,
Vilcún,FONASA,,,,,,,,,,1.0,,,,,,,,,,,,,1.0,,,,,,,,,,,,,,
Villa Alegre,FONASA,,,,,,,,,,,,,1.0,,,,,,,,,,,,,,,,,,,,,,,,
Villa Alemana,DESCONOCIDO,,,,,,,,,1.0,,,,,,,,,,1.0,,,,1.0,,1.0,1.0,,1.0,,,,,,,,,
Villa Alemana,FONASA,,,,,,,1.0,1.0,,1.0,,,,,,1.0,,,,,,,1.0,,,,,,,,,,,,,,
Villa Alemana,ISAPRE,1.0,,,,,,,,,,,,,,,,,,,,,,,,,,,,,,,,,,,,
Villa Alemana,,,,,,,,,,1.0,,,,,,,,1.0,1.0,1.0,,,,,,,,,,,,,,,,,,
Villarrica,FONASA,2.0,,,,,,,1.0,,,,,,,,,,,,,,1.0,,,,,,,,,,,,,,,
Villarrica,ISAPRE,,,,,,,,,,,,,,,,,,,,,,,,,1.0,1.0,,,,,,,,,,,
Vitacura,DESCONOCIDO,1.0,2.0,2.0,1.0,2.0,3.0,2.0,3.0,2.0,2.0,3.0,3.0,5.0,2.0,1.0,3.0,1.0,2.0,4.0,5.0,5.0,7.0,5.0,6.0,5.0,5.0,5.0,7.0,7.0,6.0,2.0,2.0,2.0,2.0,2.0,4.0,4.0
Vitacura,FONASA,1.0,3.0,2.0,1.0,1.0,1.0,1.0,4.0,3.0,1.0,,,,,,,1.0,1.0,,,,,1.0,,,1.0,,1.0,2.0,2.0,3.0,1.0,1.0,1.0,,1.0,1.0
Vitacura,ISAPRE,7.0,4.0,5.0,4.0,4.0,3.0,4.0,4.0,2.0,4.0,7.0,4.0,3.0,12.0,2.0,1.0,5.0,7.0,6.0,7.0,8.0,5.0,7.0,12.0,22.0,12.0,7.0,30.0,40.0,28.0,32.0,14.0,12.0,6.0,9.0,6.0,9.0
Vitacura,,,,,,,,,,5.0,,,,,,,,,,,,,,,,,1.0,2.0,,,,1.0,,,,,,
Vitacura,NINGUNA,,2.0,,,,,,,,,,,,,,,,1.0,1.0,1.0,2.0,2.0,1.0,2.0,2.0,2.0,1.0,1.0,1.0,2.0,1.0,1.0,1.0,1.0,1.0,,
Viña del Mar,DESCONOCIDO,,,,,,,2.0,2.0,1.0,,,,,1.0,1.0,,,,,,,,1.0,1.0,3.0,3.0,1.0,1.0,1.0,2.0,1.0,1.0,1.0,2.0,2.0,2.0,
Viña del Mar,DIPRECA,,,,,,1.0,,,,,,,,,,,,,,,,,,,,,,,,,,,,,,,
Viña del Mar,FONASA,2.0,3.0,2.0,1.0,1.0,,,,,,,,1.0,,,1.0,1.0,,,,,,1.0,,,,,1.0,3.0,3.0,1.0,,,,1.0,1.0,
Viña del Mar,ISAPRE,1.0,,,,,,3.0,1.0,1.0,1.0,1.0,,,,,,1.0,2.0,2.0,1.0,1.0,2.0,,1.0,2.0,2.0,1.0,,2.0,,5.0,,,,,,
Viña del Mar,,1.0,1.0,,1.0,1.0,,,,2.0,,,1.0,1.0,,,,1.0,,,,,,1.0,,,,,,,,,,,,,,
Viña del Mar,NINGUNA,,,,,,,,,,,,,,,,,,,,,,,,,,,,,,1.0,1.0,1.0,1.0,1.0,1.0,1.0,
Zapallar,,,,,,,,,,,,,,,,,,,,,1.0,,,,,,,,,,,,,,,,,
Ñiquén,FONASA,,,,,,,,1.0,,,,,,,,,,,,,,,,,,,,,,,,,,,,,
Ñiquén,,,,,,,,,,1.0,,,,,,,,,,,,,,,,,,,,,,,,,,,,
Ñuñoa,DESCONOCIDO,1.0,6.0,3.0,5.0,1.0,1.0,3.0,4.0,2.0,5.0,,2.0,2.0,3.0,1.0,2.0,1.0,2.0,2.0,1.0,1.0,3.0,1.0,1.0,1.0,1.0,,3.0,4.0,5.0,5.0,3.0,4.0,3.0,3.0,3.0,4.0
Ñuñoa,FONASA,7.0,8.0,8.0,14.0,8.0,7.0,13.0,8.0,6.0,7.0,7.0,1.0,2.0,6.0,5.0,7.0,4.0,3.0,4.0,3.0,3.0,3.0,6.0,1.0,6.0,5.0,3.0,8.0,10.0,18.0,11.0,5.0,3.0,3.0,4.0,3.0,3.0
Ñuñoa,ISAPRE,6.0,5.0,6.0,3.0,3.0,3.0,5.0,6.0,5.0,6.0,10.0,5.0,6.0,11.0,6.0,10.0,11.0,12.0,5.0,5.0,10.0,14.0,9.0,14.0,15.0,13.0,8.0,13.0,20.0,17.0,10.0,4.0,5.0,5.0,3.0,4.0,9.0
Ñuñoa,,,1.0,,,,,,,7.0,,2.0,,,,,,,,,,,1.0,2.0,,,,1.0,,3.0,,,,,,,,
Ñuñoa,NINGUNA,1.0,1.0,1.0,2.0,1.0,1.0,2.0,2.0,1.0,,,,,1.0,,,,,,,,,,,,,,,,1.0,,,,,,,1.0
